Country or Area,Year,Area,Sex,Age,Record Type,Source Year,Value,Deaths
Bulgaria,1966,Rural,Female,0,Estimate - de jure,1968,32204.0,1053.0
Bulgaria,1966,Rural,Female,1 - 4,Estimate - de jure,1968,135062.0,224.0
Bulgaria,1966,Rural,Female,10 - 14,Estimate - de jure,1968,179732.0,57.0
Bulgaria,1966,Rural,Female,15 - 19,Estimate - de jure,1968,120251.0,107.0
Bulgaria,1966,Rural,Female,20 - 24,Estimate - de jure,1968,131373.0,85.0
Bulgaria,1966,Rural,Female,25 - 29,Estimate - de jure,1968,133006.0,111.0
Bulgaria,1966,Rural,Female,30 - 34,Estimate - de jure,1968,154214.0,157.0
Bulgaria,1966,Rural,Female,35 - 39,Estimate - de jure,1968,156541.0,205.0
Bulgaria,1966,Rural,Female,40 - 44,Estimate - de jure,1968,175367.0,373.0
Bulgaria,1966,Rural,Female,45 - 49,Estimate - de jure,1968,121184.0,353.0
Bulgaria,1966,Rural,Female,5 - 9,Estimate - de jure,1968,175842.0,91.0
Bulgaria,1966,Rural,Female,50 - 54,Estimate - de jure,1968,145032.0,651.0
Bulgaria,1966,Rural,Female,55 - 59,Estimate - de jure,1968,150849.0,1059.0
Bulgaria,1966,Rural,Female,60 - 64,Estimate - de jure,1968,129007.0,1587.0
Bulgaria,1966,Rural,Female,65 - 69,Estimate - de jure,1968,96720.0,2282.0
Bulgaria,1966,Rural,Female,70 - 74,Estimate - de jure,1968,64983.0,2710.0
Bulgaria,1966,Rural,Female,75 - 79,Estimate - de jure,1968,47840.0,3403.0
Bulgaria,1966,Rural,Female,80 +,Estimate - de jure,1968,41972.0,5954.0
Bulgaria,1966,Rural,Male,0,Estimate - de jure,1968,34067.0,1325.0
Bulgaria,1966,Rural,Male,1 - 4,Estimate - de jure,1968,142372.0,266.0
Bulgaria,1966,Rural,Male,10 - 14,Estimate - de jure,1968,189755.0,112.0
Bulgaria,1966,Rural,Male,15 - 19,Estimate - de jure,1968,127974.0,201.0
Bulgaria,1966,Rural,Male,20 - 24,Estimate - de jure,1968,143151.0,215.0
Bulgaria,1966,Rural,Male,25 - 29,Estimate - de jure,1968,131924.0,221.0
Bulgaria,1966,Rural,Male,30 - 34,Estimate - de jure,1968,159970.0,298.0
Bulgaria,1966,Rural,Male,35 - 39,Estimate - de jure,1968,155410.0,386.0
Bulgaria,1966,Rural,Male,40 - 44,Estimate - de jure,1968,166750.0,509.0
Bulgaria,1966,Rural,Male,45 - 49,Estimate - de jure,1968,115707.0,520.0
Bulgaria,1966,Rural,Male,5 - 9,Estimate - de jure,1968,184778.0,126.0
Bulgaria,1966,Rural,Male,50 - 54,Estimate - de jure,1968,144905.0,982.0
Bulgaria,1966,Rural,Male,55 - 59,Estimate - de jure,1968,148346.0,1599.0
Bulgaria,1966,Rural,Male,60 - 64,Estimate - de jure,1968,127230.0,2434.0
Bulgaria,1966,Rural,Male,65 - 69,Estimate - de jure,1968,91033.0,2875.0
Bulgaria,1966,Rural,Male,70 - 74,Estimate - de jure,1968,54800.0,2752.0
Bulgaria,1966,Rural,Male,75 - 79,Estimate - de jure,1968,34858.0,2833.0
Bulgaria,1966,Rural,Male,80 +,Estimate - de jure,1968,32221.0,4884.0
Bulgaria,1966,Urban,Female,0,Estimate - de jure,1968,28537.0,691.0
Bulgaria,1966,Urban,Female,1 - 4,Estimate - de jure,1968,111219.0,128.0
Bulgaria,1966,Urban,Female,10 - 14,Estimate - de jure,1968,152698.0,48.0
Bulgaria,1966,Urban,Female,15 - 19,Estimate - de jure,1968,223886.0,77.0
Bulgaria,1966,Urban,Female,20 - 24,Estimate - de jure,1968,164989.0,88.0
Bulgaria,1966,Urban,Female,25 - 29,Estimate - de jure,1968,149111.0,95.0
Bulgaria,1966,Urban,Female,30 - 34,Estimate - de jure,1968,167681.0,132.0
Bulgaria,1966,Urban,Female,35 - 39,Estimate - de jure,1968,164456.0,209.0
Bulgaria,1966,Urban,Female,40 - 44,Estimate - de jure,1968,153231.0,313.0
Bulgaria,1966,Urban,Female,45 - 49,Estimate - de jure,1968,90593.0,231.0
Bulgaria,1966,Urban,Female,5 - 9,Estimate - de jure,1968,143522.0,54.0
Bulgaria,1966,Urban,Female,50 - 54,Estimate - de jure,1968,90924.0,451.0
Bulgaria,1966,Urban,Female,55 - 59,Estimate - de jure,1968,84998.0,723.0
Bulgaria,1966,Urban,Female,60 - 64,Estimate - de jure,1968,69829.0,886.0
Bulgaria,1966,Urban,Female,65 - 69,Estimate - de jure,1968,55244.0,1284.0
Bulgaria,1966,Urban,Female,70 - 74,Estimate - de jure,1968,38163.0,1667.0
Bulgaria,1966,Urban,Female,75 - 79,Estimate - de jure,1968,26458.0,1929.0
Bulgaria,1966,Urban,Female,80 +,Estimate - de jure,1968,21782.0,2949.0
Bulgaria,1966,Urban,Male,0,Estimate - de jure,1968,30241.0,893.0
Bulgaria,1966,Urban,Male,1 - 4,Estimate - de jure,1968,116659.0,137.0
Bulgaria,1966,Urban,Male,10 - 14,Estimate - de jure,1968,157541.0,82.0
Bulgaria,1966,Urban,Male,15 - 19,Estimate - de jure,1968,227249.0,164.0
Bulgaria,1966,Urban,Male,20 - 24,Estimate - de jure,1968,158714.0,168.0
Bulgaria,1966,Urban,Male,25 - 29,Estimate - de jure,1968,152954.0,186.0
Bulgaria,1966,Urban,Male,30 - 34,Estimate - de jure,1968,166726.0,212.0
Bulgaria,1966,Urban,Male,35 - 39,Estimate - de jure,1968,171437.0,338.0
Bulgaria,1966,Urban,Male,40 - 44,Estimate - de jure,1968,161753.0,438.0
Bulgaria,1966,Urban,Male,45 - 49,Estimate - de jure,1968,95834.0,450.0
Bulgaria,1966,Urban,Male,5 - 9,Estimate - de jure,1968,149905.0,116.0
Bulgaria,1966,Urban,Male,50 - 54,Estimate - de jure,1968,95587.0,726.0
Bulgaria,1966,Urban,Male,55 - 59,Estimate - de jure,1968,85950.0,1086.0
Bulgaria,1966,Urban,Male,60 - 64,Estimate - de jure,1968,65788.0,1420.0
Bulgaria,1966,Urban,Male,65 - 69,Estimate - de jure,1968,47124.0,1695.0
Bulgaria,1966,Urban,Male,70 - 74,Estimate - de jure,1968,28516.0,1588.0
Bulgaria,1966,Urban,Male,75 - 79,Estimate - de jure,1968,17182.0,1443.0
Bulgaria,1966,Urban,Male,80 +,Estimate - de jure,1968,15146.0,2247.0
Bulgaria,1967,Rural,Female,0,Estimate - de jure,1968,28950.0,1073.0
Bulgaria,1967,Rural,Female,1 - 4,Estimate - de jure,1968,131255.0,248.0
Bulgaria,1967,Rural,Female,10 - 14,Estimate - de jure,1968,180617.0,67.0
Bulgaria,1967,Rural,Female,15 - 19,Estimate - de jure,1968,108513.0,97.0
Bulgaria,1967,Rural,Female,20 - 24,Estimate - de jure,1968,126586.0,104.0
Bulgaria,1967,Rural,Female,25 - 29,Estimate - de jure,1968,130536.0,93.0
Bulgaria,1967,Rural,Female,30 - 34,Estimate - de jure,1968,150414.0,178.0
Bulgaria,1967,Rural,Female,35 - 39,Estimate - de jure,1968,152948.0,219.0
Bulgaria,1967,Rural,Female,40 - 44,Estimate - de jure,1968,172752.0,359.0
Bulgaria,1967,Rural,Female,45 - 49,Estimate - de jure,1968,139337.0,413.0
Bulgaria,1967,Rural,Female,5 - 9,Estimate - de jure,1968,172832.0,75.0
Bulgaria,1967,Rural,Female,50 - 54,Estimate - de jure,1968,129564.0,557.0
Bulgaria,1967,Rural,Female,55 - 59,Estimate - de jure,1968,150830.0,1086.0
Bulgaria,1967,Rural,Female,60 - 64,Estimate - de jure,1968,134518.0,1785.0
Bulgaria,1967,Rural,Female,65 - 69,Estimate - de jure,1968,99765.0,2522.0
Bulgaria,1967,Rural,Female,70 - 74,Estimate - de jure,1968,68345.0,3010.0
Bulgaria,1967,Rural,Female,75 - 79,Estimate - de jure,1968,47187.0,3669.0
Bulgaria,1967,Rural,Female,80 +,Estimate - de jure,1968,43150.0,6718.0
Bulgaria,1967,Rural,Male,0,Estimate - de jure,1968,30814.0,1370.0
Bulgaria,1967,Rural,Male,1 - 4,Estimate - de jure,1968,138186.0,270.0
Bulgaria,1967,Rural,Male,10 - 14,Estimate - de jure,1968,190073.0,102.0
Bulgaria,1967,Rural,Male,15 - 19,Estimate - de jure,1968,112441.0,178.0
Bulgaria,1967,Rural,Male,20 - 24,Estimate - de jure,1968,141103.0,215.0
Bulgaria,1967,Rural,Male,25 - 29,Estimate - de jure,1968,125703.0,224.0
Bulgaria,1967,Rural,Male,30 - 34,Estimate - de jure,1968,154361.0,285.0
Bulgaria,1967,Rural,Male,35 - 39,Estimate - de jure,1968,152762.0,356.0
Bulgaria,1967,Rural,Male,40 - 44,Estimate - de jure,1968,165164.0,516.0
Bulgaria,1967,Rural,Male,45 - 49,Estimate - de jure,1968,131792.0,610.0
Bulgaria,1967,Rural,Male,5 - 9,Estimate - de jure,1968,182006.0,149.0
Bulgaria,1967,Rural,Male,50 - 54,Estimate - de jure,1968,128068.0,984.0
Bulgaria,1967,Rural,Male,55 - 59,Estimate - de jure,1968,148552.0,1795.0
Bulgaria,1967,Rural,Male,60 - 64,Estimate - de jure,1968,131942.0,2614.0
Bulgaria,1967,Rural,Male,65 - 69,Estimate - de jure,1968,94197.0,3208.0
Bulgaria,1967,Rural,Male,70 - 74,Estimate - de jure,1968,58701.0,3139.0
Bulgaria,1967,Rural,Male,75 - 79,Estimate - de jure,1968,34479.0,3089.0
Bulgaria,1967,Rural,Male,80 +,Estimate - de jure,1968,32677.0,5583.0
Bulgaria,1967,Urban,Female,0,Estimate - de jure,1968,29717.0,710.0
Bulgaria,1967,Urban,Female,1 - 4,Estimate - de jure,1968,112179.0,122.0
Bulgaria,1967,Urban,Female,10 - 14,Estimate - de jure,1968,151990.0,50.0
Bulgaria,1967,Urban,Female,15 - 19,Estimate - de jure,1968,234228.0,81.0
Bulgaria,1967,Urban,Female,20 - 24,Estimate - de jure,1968,179519.0,77.0
Bulgaria,1967,Urban,Female,25 - 29,Estimate - de jure,1968,149083.0,98.0
Bulgaria,1967,Urban,Female,30 - 34,Estimate - de jure,1968,166411.0,121.0
Bulgaria,1967,Urban,Female,35 - 39,Estimate - de jure,1968,165368.0,205.0
Bulgaria,1967,Urban,Female,40 - 44,Estimate - de jure,1968,157837.0,310.0
Bulgaria,1967,Urban,Female,45 - 49,Estimate - de jure,1968,107147.0,335.0
Bulgaria,1967,Urban,Female,5 - 9,Estimate - de jure,1968,143393.0,54.0
Bulgaria,1967,Urban,Female,50 - 54,Estimate - de jure,1968,83881.0,411.0
Bulgaria,1967,Urban,Female,55 - 59,Estimate - de jure,1968,86876.0,717.0
Bulgaria,1967,Urban,Female,60 - 64,Estimate - de jure,1968,72962.0,1047.0
Bulgaria,1967,Urban,Female,65 - 69,Estimate - de jure,1968,56326.0,1420.0
Bulgaria,1967,Urban,Female,70 - 74,Estimate - de jure,1968,40380.0,1687.0
Bulgaria,1967,Urban,Female,75 - 79,Estimate - de jure,1968,26562.0,1990.0
Bulgaria,1967,Urban,Female,80 +,Estimate - de jure,1968,22703.0,3422.0
Bulgaria,1967,Urban,Male,0,Estimate - de jure,1968,31213.0,974.0
Bulgaria,1967,Urban,Male,1 - 4,Estimate - de jure,1968,118150.0,142.0
Bulgaria,1967,Urban,Male,10 - 14,Estimate - de jure,1968,157147.0,86.0
Bulgaria,1967,Urban,Male,15 - 19,Estimate - de jure,1968,241774.0,156.0
Bulgaria,1967,Urban,Male,20 - 24,Estimate - de jure,1968,172239.0,199.0
Bulgaria,1967,Urban,Male,25 - 29,Estimate - de jure,1968,156141.0,202.0
Bulgaria,1967,Urban,Male,30 - 34,Estimate - de jure,1968,166115.0,276.0
Bulgaria,1967,Urban,Male,35 - 39,Estimate - de jure,1968,171277.0,354.0
Bulgaria,1967,Urban,Male,40 - 44,Estimate - de jure,1968,166940.0,511.0
Bulgaria,1967,Urban,Male,45 - 49,Estimate - de jure,1968,113912.0,566.0
Bulgaria,1967,Urban,Male,5 - 9,Estimate - de jure,1968,150053.0,102.0
Bulgaria,1967,Urban,Male,50 - 54,Estimate - de jure,1968,87838.0,692.0
Bulgaria,1967,Urban,Male,55 - 59,Estimate - de jure,1968,88853.0,1169.0
Bulgaria,1967,Urban,Male,60 - 64,Estimate - de jure,1968,69198.0,1629.0
Bulgaria,1967,Urban,Male,65 - 69,Estimate - de jure,1968,48392.0,1862.0
Bulgaria,1967,Urban,Male,70 - 74,Estimate - de jure,1968,30450.0,1843.0
Bulgaria,1967,Urban,Male,75 - 79,Estimate - de jure,1968,17407.0,1530.0
Bulgaria,1967,Urban,Male,80 +,Estimate - de jure,1968,15445.0,2569.0
Bulgaria,1968,Rural,Female,0,Estimate - de jure,1969,30345.0,951.0
Bulgaria,1968,Rural,Female,1 - 4,Estimate - de jure,1969,125260.0,183.0
Bulgaria,1968,Rural,Female,10 - 14,Estimate - de jure,1969,179564.0,63.0
Bulgaria,1968,Rural,Female,15 - 19,Estimate - de jure,1969,102067.0,92.0
Bulgaria,1968,Rural,Female,20 - 24,Estimate - de jure,1969,117247.0,99.0
Bulgaria,1968,Rural,Female,25 - 29,Estimate - de jure,1969,128606.0,95.0
Bulgaria,1968,Rural,Female,30 - 34,Estimate - de jure,1969,144335.0,150.0
Bulgaria,1968,Rural,Female,35 - 39,Estimate - de jure,1969,151781.0,224.0
Bulgaria,1968,Rural,Female,40 - 44,Estimate - de jure,1969,169178.0,316.0
Bulgaria,1968,Rural,Female,45 - 49,Estimate - de jure,1969,157302.0,432.0
Bulgaria,1968,Rural,Female,5 - 9,Estimate - de jure,1969,170181.0,59.0
Bulgaria,1968,Rural,Female,50 - 54,Estimate - de jure,1969,117990.0,538.0
Bulgaria,1968,Rural,Female,55 - 59,Estimate - de jure,1969,147559.0,1032.0
Bulgaria,1968,Rural,Female,60 - 64,Estimate - de jure,1969,138136.0,1737.0
Bulgaria,1968,Rural,Female,65 - 69,Estimate - de jure,1969,103969.0,2331.0
Bulgaria,1968,Rural,Female,70 - 74,Estimate - de jure,1969,72052.0,3010.0
Bulgaria,1968,Rural,Female,75 - 79,Estimate - de jure,1969,46345.0,3297.0
Bulgaria,1968,Rural,Female,80 +,Estimate - de jure,1969,43803.0,6296.0
Bulgaria,1968,Rural,Male,0,Estimate - de jure,1969,31873.0,1220.0
Bulgaria,1968,Rural,Male,1 - 4,Estimate - de jure,1969,132219.0,229.0
Bulgaria,1968,Rural,Male,10 - 14,Estimate - de jure,1969,188053.0,113.0
Bulgaria,1968,Rural,Male,15 - 19,Estimate - de jure,1969,107053.0,161.0
Bulgaria,1968,Rural,Male,20 - 24,Estimate - de jure,1969,131928.0,260.0
Bulgaria,1968,Rural,Male,25 - 29,Estimate - de jure,1969,118971.0,200.0
Bulgaria,1968,Rural,Male,30 - 34,Estimate - de jure,1969,146245.0,279.0
Bulgaria,1968,Rural,Male,35 - 39,Estimate - de jure,1969,152945.0,371.0
Bulgaria,1968,Rural,Male,40 - 44,Estimate - de jure,1969,162664.0,544.0
Bulgaria,1968,Rural,Male,45 - 49,Estimate - de jure,1969,147359.0,650.0
Bulgaria,1968,Rural,Male,5 - 9,Estimate - de jure,1969,179377.0,115.0
Bulgaria,1968,Rural,Male,50 - 54,Estimate - de jure,1969,115492.0,862.0
Bulgaria,1968,Rural,Male,55 - 59,Estimate - de jure,1969,145143.0,1649.0
Bulgaria,1968,Rural,Male,60 - 64,Estimate - de jure,1969,134369.0,2581.0
Bulgaria,1968,Rural,Male,65 - 69,Estimate - de jure,1969,98327.0,3053.0
Bulgaria,1968,Rural,Male,70 - 74,Estimate - de jure,1969,62824.0,3172.0
Bulgaria,1968,Rural,Male,75 - 79,Estimate - de jure,1969,34231.0,2696.0
Bulgaria,1968,Rural,Male,80 +,Estimate - de jure,1969,32899.0,5082.0
Bulgaria,1968,Urban,Female,0,Estimate - de jure,1969,32944.0,791.0
Bulgaria,1968,Urban,Female,1 - 4,Estimate - de jure,1969,114382.0,94.0
Bulgaria,1968,Urban,Female,10 - 14,Estimate - de jure,1969,150402.0,54.0
Bulgaria,1968,Urban,Female,15 - 19,Estimate - de jure,1969,240337.0,75.0
Bulgaria,1968,Urban,Female,20 - 24,Estimate - de jure,1969,198197.0,100.0
Bulgaria,1968,Urban,Female,25 - 29,Estimate - de jure,1969,151732.0,96.0
Bulgaria,1968,Urban,Female,30 - 34,Estimate - de jure,1969,162875.0,130.0
Bulgaria,1968,Urban,Female,35 - 39,Estimate - de jure,1969,167389.0,227.0
Bulgaria,1968,Urban,Female,40 - 44,Estimate - de jure,1969,161081.0,312.0
Bulgaria,1968,Urban,Female,45 - 49,Estimate - de jure,1969,124739.0,383.0
Bulgaria,1968,Urban,Female,5 - 9,Estimate - de jure,1969,143360.0,63.0
Bulgaria,1968,Urban,Female,50 - 54,Estimate - de jure,1969,78555.0,394.0
Bulgaria,1968,Urban,Female,55 - 59,Estimate - de jure,1969,86997.0,745.0
Bulgaria,1968,Urban,Female,60 - 64,Estimate - de jure,1969,75339.0,1027.0
Bulgaria,1968,Urban,Female,65 - 69,Estimate - de jure,1969,58048.0,1385.0
Bulgaria,1968,Urban,Female,70 - 74,Estimate - de jure,1969,42477.0,1897.0
Bulgaria,1968,Urban,Female,75 - 79,Estimate - de jure,1969,26538.0,1916.0
Bulgaria,1968,Urban,Female,80 +,Estimate - de jure,1969,23512.0,3371.0
Bulgaria,1968,Urban,Male,0,Estimate - de jure,1969,34724.0,1041.0
Bulgaria,1968,Urban,Male,1 - 4,Estimate - de jure,1969,120653.0,112.0
Bulgaria,1968,Urban,Male,10 - 14,Estimate - de jure,1969,155939.0,74.0
Bulgaria,1968,Urban,Male,15 - 19,Estimate - de jure,1969,248415.0,136.0
Bulgaria,1968,Urban,Male,20 - 24,Estimate - de jure,1969,191613.0,194.0
Bulgaria,1968,Urban,Male,25 - 29,Estimate - de jure,1969,162836.0,200.0
Bulgaria,1968,Urban,Male,30 - 34,Estimate - de jure,1969,164182.0,277.0
Bulgaria,1968,Urban,Male,35 - 39,Estimate - de jure,1969,171629.0,360.0
Bulgaria,1968,Urban,Male,40 - 44,Estimate - de jure,1969,171056.0,517.0
Bulgaria,1968,Urban,Male,45 - 49,Estimate - de jure,1969,132472.0,655.0
Bulgaria,1968,Urban,Male,5 - 9,Estimate - de jure,1969,150290.0,89.0
Bulgaria,1968,Urban,Male,50 - 54,Estimate - de jure,1969,82235.0,662.0
Bulgaria,1968,Urban,Male,55 - 59,Estimate - de jure,1969,89304.0,1155.0
Bulgaria,1968,Urban,Male,60 - 64,Estimate - de jure,1969,71854.0,1610.0
Bulgaria,1968,Urban,Male,65 - 69,Estimate - de jure,1969,50112.0,1894.0
Bulgaria,1968,Urban,Male,70 - 74,Estimate - de jure,1969,32523.0,1922.0
Bulgaria,1968,Urban,Male,75 - 79,Estimate - de jure,1969,17479.0,1526.0
Bulgaria,1968,Urban,Male,80 +,Estimate - de jure,1969,15691.0,2534.0
Bulgaria,1969,Rural,Female,0,Estimate - de jure,1970,30919.0,931.0
Bulgaria,1969,Rural,Female,1 - 4,Estimate - de jure,1970,120175.0,172.0
Bulgaria,1969,Rural,Female,10 - 14,Estimate - de jure,1970,173952.0,49.0
Bulgaria,1969,Rural,Female,15 - 19,Estimate - de jure,1970,98354.0,101.0
Bulgaria,1969,Rural,Female,20 - 24,Estimate - de jure,1970,104988.0,87.0
Bulgaria,1969,Rural,Female,25 - 29,Estimate - de jure,1970,124082.0,106.0
Bulgaria,1969,Rural,Female,30 - 34,Estimate - de jure,1970,134892.0,135.0
Bulgaria,1969,Rural,Female,35 - 39,Estimate - de jure,1970,149926.0,205.0
Bulgaria,1969,Rural,Female,40 - 44,Estimate - de jure,1970,162483.0,287.0
Bulgaria,1969,Rural,Female,45 - 49,Estimate - de jure,1970,167466.0,485.0
Bulgaria,1969,Rural,Female,5 - 9,Estimate - de jure,1970,164930.0,81.0
Bulgaria,1969,Rural,Female,50 - 54,Estimate - de jure,1970,111405.0,544.0
Bulgaria,1969,Rural,Female,55 - 59,Estimate - de jure,1970,143994.0,1093.0
Bulgaria,1969,Rural,Female,60 - 64,Estimate - de jure,1970,139684.0,1811.0
Bulgaria,1969,Rural,Female,65 - 69,Estimate - de jure,1970,108695.0,2750.0
Bulgaria,1969,Rural,Female,70 - 74,Estimate - de jure,1970,74390.0,3354.0
Bulgaria,1969,Rural,Female,75 - 79,Estimate - de jure,1970,45923.0,3493.0
Bulgaria,1969,Rural,Female,80 +,Estimate - de jure,1970,44359.0,7041.0
Bulgaria,1969,Rural,Male,0,Estimate - de jure,1970,32070.0,1324.0
Bulgaria,1969,Rural,Male,1 - 4,Estimate - de jure,1970,126708.0,208.0
Bulgaria,1969,Rural,Male,10 - 14,Estimate - de jure,1970,181595.0,110.0
Bulgaria,1969,Rural,Male,15 - 19,Estimate - de jure,1970,105505.0,205.0
Bulgaria,1969,Rural,Male,20 - 24,Estimate - de jure,1970,117730.0,237.0
Bulgaria,1969,Rural,Male,25 - 29,Estimate - de jure,1970,111094.0,196.0
Bulgaria,1969,Rural,Male,30 - 34,Estimate - de jure,1970,134178.0,246.0
Bulgaria,1969,Rural,Male,35 - 39,Estimate - de jure,1970,151957.0,347.0
Bulgaria,1969,Rural,Male,40 - 44,Estimate - de jure,1970,156756.0,552.0
Bulgaria,1969,Rural,Male,45 - 49,Estimate - de jure,1970,155477.0,775.0
Bulgaria,1969,Rural,Male,5 - 9,Estimate - de jure,1970,173736.0,113.0
Bulgaria,1969,Rural,Male,50 - 54,Estimate - de jure,1970,107470.0,894.0
Bulgaria,1969,Rural,Male,55 - 59,Estimate - de jure,1970,142165.0,1695.0
Bulgaria,1969,Rural,Male,60 - 64,Estimate - de jure,1970,134264.0,2906.0
Bulgaria,1969,Rural,Male,65 - 69,Estimate - de jure,1970,102836.0,3599.0
Bulgaria,1969,Rural,Male,70 - 74,Estimate - de jure,1970,65469.0,3711.0
Bulgaria,1969,Rural,Male,75 - 79,Estimate - de jure,1970,34386.0,3106.0
Bulgaria,1969,Rural,Male,80 +,Estimate - de jure,1970,32802.0,5728.0
Bulgaria,1969,Urban,Female,0,Estimate - de jure,1970,36928.0,891.0
Bulgaria,1969,Urban,Female,1 - 4,Estimate - de jure,1970,121767.0,119.0
Bulgaria,1969,Urban,Female,10 - 14,Estimate - de jure,1970,152846.0,45.0
Bulgaria,1969,Urban,Female,15 - 19,Estimate - de jure,1970,240545.0,71.0
Bulgaria,1969,Urban,Female,20 - 24,Estimate - de jure,1970,222516.0,109.0
Bulgaria,1969,Urban,Female,25 - 29,Estimate - de jure,1970,158279.0,103.0
Bulgaria,1969,Urban,Female,30 - 34,Estimate - de jure,1970,160781.0,157.0
Bulgaria,1969,Urban,Female,35 - 39,Estimate - de jure,1970,171306.0,225.0
Bulgaria,1969,Urban,Female,40 - 44,Estimate - de jure,1970,165419.0,322.0
Bulgaria,1969,Urban,Female,45 - 49,Estimate - de jure,1970,139224.0,465.0
Bulgaria,1969,Urban,Female,5 - 9,Estimate - de jure,1970,145404.0,60.0
Bulgaria,1969,Urban,Female,50 - 54,Estimate - de jure,1970,78571.0,434.0
Bulgaria,1969,Urban,Female,55 - 59,Estimate - de jure,1970,88486.0,714.0
Bulgaria,1969,Urban,Female,60 - 64,Estimate - de jure,1970,78149.0,1137.0
Bulgaria,1969,Urban,Female,65 - 69,Estimate - de jure,1970,60732.0,1590.0
Bulgaria,1969,Urban,Female,70 - 74,Estimate - de jure,1970,44379.0,2149.0
Bulgaria,1969,Urban,Female,75 - 79,Estimate - de jure,1970,26943.0,2117.0
Bulgaria,1969,Urban,Female,80 +,Estimate - de jure,1970,24512.0,3968.0
Bulgaria,1969,Urban,Male,0,Estimate - de jure,1970,39106.0,1217.0
Bulgaria,1969,Urban,Male,1 - 4,Estimate - de jure,1970,128468.0,120.0
Bulgaria,1969,Urban,Male,10 - 14,Estimate - de jure,1970,158864.0,89.0
Bulgaria,1969,Urban,Male,15 - 19,Estimate - de jure,1970,247638.0,185.0
Bulgaria,1969,Urban,Male,20 - 24,Estimate - de jure,1970,218661.0,196.0
Bulgaria,1969,Urban,Male,25 - 29,Estimate - de jure,1970,173166.0,210.0
Bulgaria,1969,Urban,Male,30 - 34,Estimate - de jure,1970,164092.0,269.0
Bulgaria,1969,Urban,Male,35 - 39,Estimate - de jure,1970,174528.0,356.0
Bulgaria,1969,Urban,Male,40 - 44,Estimate - de jure,1970,175318.0,581.0
Bulgaria,1969,Urban,Male,45 - 49,Estimate - de jure,1970,147812.0,725.0
Bulgaria,1969,Urban,Male,5 - 9,Estimate - de jure,1970,152776.0,103.0
Bulgaria,1969,Urban,Male,50 - 54,Estimate - de jure,1970,82233.0,724.0
Bulgaria,1969,Urban,Male,55 - 59,Estimate - de jure,1970,91291.0,1292.0
Bulgaria,1969,Urban,Male,60 - 64,Estimate - de jure,1970,75033.0,1894.0
Bulgaria,1969,Urban,Male,65 - 69,Estimate - de jure,1970,53060.0,2117.0
Bulgaria,1969,Urban,Male,70 - 74,Estimate - de jure,1970,34389.0,2269.0
Bulgaria,1969,Urban,Male,75 - 79,Estimate - de jure,1970,18033.0,1742.0
Bulgaria,1969,Urban,Male,80 +,Estimate - de jure,1970,16102.0,2733.0
Bulgaria,1970,Rural,Female,0,Estimate - de jure,1971,28582.0,813.0
Bulgaria,1970,Rural,Female,1 - 4,Estimate - de jure,1971,115342.0,162.0
Bulgaria,1970,Rural,Female,10 - 14,Estimate - de jure,1971,167911.0,52.0
Bulgaria,1970,Rural,Female,15 - 19,Estimate - de jure,1971,93427.0,68.0
Bulgaria,1970,Rural,Female,20 - 24,Estimate - de jure,1971,93484.0,88.0
Bulgaria,1970,Rural,Female,25 - 29,Estimate - de jure,1971,118637.0,99.0
Bulgaria,1970,Rural,Female,30 - 34,Estimate - de jure,1971,126378.0,117.0
Bulgaria,1970,Rural,Female,35 - 39,Estimate - de jure,1971,147289.0,182.0
Bulgaria,1970,Rural,Female,40 - 44,Estimate - de jure,1971,154228.0,306.0
Bulgaria,1970,Rural,Female,45 - 49,Estimate - de jure,1971,169387.0,491.0
Bulgaria,1970,Rural,Female,5 - 9,Estimate - de jure,1971,159881.0,63.0
Bulgaria,1970,Rural,Female,50 - 54,Estimate - de jure,1971,107514.0,500.0
Bulgaria,1970,Rural,Female,55 - 59,Estimate - de jure,1971,144000.0,1002.0
Bulgaria,1970,Rural,Female,60 - 64,Estimate - de jure,1971,140837.0,1730.0
Bulgaria,1970,Rural,Female,65 - 69,Estimate - de jure,1971,111825.0,2566.0
Bulgaria,1970,Rural,Female,70 - 74,Estimate - de jure,1971,77003.0,3275.0
Bulgaria,1970,Rural,Female,75 - 79,Estimate - de jure,1971,46245.0,3373.0
Bulgaria,1970,Rural,Female,80 +,Estimate - de jure,1971,45132.0,6828.0
Bulgaria,1970,Rural,Male,0,Estimate - de jure,1971,30002.0,1164.0
Bulgaria,1970,Rural,Male,1 - 4,Estimate - de jure,1971,120910.0,218.0
Bulgaria,1970,Rural,Male,10 - 14,Estimate - de jure,1971,175220.0,110.0
Bulgaria,1970,Rural,Male,15 - 19,Estimate - de jure,1971,100876.0,169.0
Bulgaria,1970,Rural,Male,20 - 24,Estimate - de jure,1971,101772.0,230.0
Bulgaria,1970,Rural,Male,25 - 29,Estimate - de jure,1971,106329.0,201.0
Bulgaria,1970,Rural,Male,30 - 34,Estimate - de jure,1971,122480.0,221.0
Bulgaria,1970,Rural,Male,35 - 39,Estimate - de jure,1971,149307.0,333.0
Bulgaria,1970,Rural,Male,40 - 44,Estimate - de jure,1971,148875.0,483.0
Bulgaria,1970,Rural,Male,45 - 49,Estimate - de jure,1971,156831.0,693.0
Bulgaria,1970,Rural,Male,5 - 9,Estimate - de jure,1971,168067.0,111.0
Bulgaria,1970,Rural,Male,50 - 54,Estimate - de jure,1971,101702.0,713.0
Bulgaria,1970,Rural,Male,55 - 59,Estimate - de jure,1971,141937.0,1684.0
Bulgaria,1970,Rural,Male,60 - 64,Estimate - de jure,1971,134024.0,2647.0
Bulgaria,1970,Rural,Male,65 - 69,Estimate - de jure,1971,105761.0,3566.0
Bulgaria,1970,Rural,Male,70 - 74,Estimate - de jure,1971,68502.0,3614.0
Bulgaria,1970,Rural,Male,75 - 79,Estimate - de jure,1971,35808.0,2955.0
Bulgaria,1970,Rural,Male,80 +,Estimate - de jure,1971,32036.0,5303.0
Bulgaria,1970,Urban,Female,0,Estimate - de jure,1971,38383.0,734.0
Bulgaria,1970,Urban,Female,1 - 4,Estimate - de jure,1971,132410.0,116.0
Bulgaria,1970,Urban,Female,10 - 14,Estimate - de jure,1971,154661.0,43.0
Bulgaria,1970,Urban,Female,15 - 19,Estimate - de jure,1971,239650.0,90.0
Bulgaria,1970,Urban,Female,20 - 24,Estimate - de jure,1971,245784.0,111.0
Bulgaria,1970,Urban,Female,25 - 29,Estimate - de jure,1971,167626.0,120.0
Bulgaria,1970,Urban,Female,30 - 34,Estimate - de jure,1971,159573.0,124.0
Bulgaria,1970,Urban,Female,35 - 39,Estimate - de jure,1971,174618.0,233.0
Bulgaria,1970,Urban,Female,40 - 44,Estimate - de jure,1971,168866.0,287.0
Bulgaria,1970,Urban,Female,45 - 49,Estimate - de jure,1971,149105.0,504.0
Bulgaria,1970,Urban,Female,5 - 9,Estimate - de jure,1971,148299.0,51.0
Bulgaria,1970,Urban,Female,50 - 54,Estimate - de jure,1971,82041.0,412.0
Bulgaria,1970,Urban,Female,55 - 59,Estimate - de jure,1971,92441.0,717.0
Bulgaria,1970,Urban,Female,60 - 64,Estimate - de jure,1971,81551.0,1159.0
Bulgaria,1970,Urban,Female,65 - 69,Estimate - de jure,1971,63368.0,1601.0
Bulgaria,1970,Urban,Female,70 - 74,Estimate - de jure,1971,46597.0,2191.0
Bulgaria,1970,Urban,Female,75 - 79,Estimate - de jure,1971,28030.0,2057.0
Bulgaria,1970,Urban,Female,80 +,Estimate - de jure,1971,25472.0,3774.0
Bulgaria,1970,Urban,Male,0,Estimate - de jure,1971,40775.0,1077.0
Bulgaria,1970,Urban,Male,1 - 4,Estimate - de jure,1971,139859.0,124.0
Bulgaria,1970,Urban,Male,10 - 14,Estimate - de jure,1971,161386.0,91.0
Bulgaria,1970,Urban,Male,15 - 19,Estimate - de jure,1971,246567.0,174.0
Bulgaria,1970,Urban,Male,20 - 24,Estimate - de jure,1971,247248.0,212.0
Bulgaria,1970,Urban,Male,25 - 29,Estimate - de jure,1971,182665.0,222.0
Bulgaria,1970,Urban,Male,30 - 34,Estimate - de jure,1971,165450.0,245.0
Bulgaria,1970,Urban,Male,35 - 39,Estimate - de jure,1971,177349.0,367.0
Bulgaria,1970,Urban,Male,40 - 44,Estimate - de jure,1971,178305.0,525.0
Bulgaria,1970,Urban,Male,45 - 49,Estimate - de jure,1971,158371.0,771.0
Bulgaria,1970,Urban,Male,5 - 9,Estimate - de jure,1971,156191.0,84.0
Bulgaria,1970,Urban,Male,50 - 54,Estimate - de jure,1971,85999.0,679.0
Bulgaria,1970,Urban,Male,55 - 59,Estimate - de jure,1971,96032.0,1217.0
Bulgaria,1970,Urban,Male,60 - 64,Estimate - de jure,1971,78977.0,1868.0
Bulgaria,1970,Urban,Male,65 - 69,Estimate - de jure,1971,56122.0,2186.0
Bulgaria,1970,Urban,Male,70 - 74,Estimate - de jure,1971,36654.0,2305.0
Bulgaria,1970,Urban,Male,75 - 79,Estimate - de jure,1971,19255.0,1761.0
Bulgaria,1970,Urban,Male,80 +,Estimate - de jure,1971,16353.0,2719.0
Bulgaria,1989,Rural,Female,0,Estimate - de jure,1990,16496.0,252.0
Bulgaria,1989,Rural,Female,1 - 4,Estimate - de jure,1990,67167.0,83.0
Bulgaria,1989,Rural,Female,10 - 14,Estimate - de jure,1990,92902.0,33.0
Bulgaria,1989,Rural,Female,15 - 19,Estimate - de jure,1990,87784.0,56.0
Bulgaria,1989,Rural,Female,20 - 24,Estimate - de jure,1990,67359.0,55.0
Bulgaria,1989,Rural,Female,25 - 29,Estimate - de jure,1990,76430.0,52.0
Bulgaria,1989,Rural,Female,30 - 34,Estimate - de jure,1990,76214.0,83.0
Bulgaria,1989,Rural,Female,35 - 39,Estimate - de jure,1990,77963.0,111.0
Bulgaria,1989,Rural,Female,40 - 44,Estimate - de jure,1990,81889.0,178.0
Bulgaria,1989,Rural,Female,45 - 49,Estimate - de jure,1990,85148.0,269.0
Bulgaria,1989,Rural,Female,5 - 9,Estimate - de jure,1990,86893.0,52.0
Bulgaria,1989,Rural,Female,50 - 54,Estimate - de jure,1990,97940.0,462.0
Bulgaria,1989,Rural,Female,55 - 59,Estimate - de jure,1990,115714.0,930.0
Bulgaria,1989,Rural,Female,60 - 64,Estimate - de jure,1990,128110.0,1546.0
Bulgaria,1989,Rural,Female,65 - 69,Estimate - de jure,1990,125702.0,2742.0
Bulgaria,1989,Rural,Female,70 - 74,Estimate - de jure,1990,70474.0,2881.0
Bulgaria,1989,Rural,Female,75 - 79,Estimate - de jure,1990,71135.0,4975.0
Bulgaria,1989,Rural,Female,80 +,Estimate - de jure,1990,58805.0,9762.0
Bulgaria,1989,Rural,Male,0,Estimate - de jure,1990,16809.0,350.0
Bulgaria,1989,Rural,Male,1 - 4,Estimate - de jure,1990,70798.0,107.0
Bulgaria,1989,Rural,Male,10 - 14,Estimate - de jure,1990,98178.0,66.0
Bulgaria,1989,Rural,Male,15 - 19,Estimate - de jure,1990,95922.0,110.0
Bulgaria,1989,Rural,Male,20 - 24,Estimate - de jure,1990,85785.0,147.0
Bulgaria,1989,Rural,Male,25 - 29,Estimate - de jure,1990,87227.0,176.0
Bulgaria,1989,Rural,Male,30 - 34,Estimate - de jure,1990,86271.0,228.0
Bulgaria,1989,Rural,Male,35 - 39,Estimate - de jure,1990,85070.0,372.0
Bulgaria,1989,Rural,Male,40 - 44,Estimate - de jure,1990,83775.0,557.0
Bulgaria,1989,Rural,Male,45 - 49,Estimate - de jure,1990,81606.0,807.0
Bulgaria,1989,Rural,Male,5 - 9,Estimate - de jure,1990,91434.0,58.0
Bulgaria,1989,Rural,Male,50 - 54,Estimate - de jure,1990,93596.0,1217.0
Bulgaria,1989,Rural,Male,55 - 59,Estimate - de jure,1990,108127.0,1963.0
Bulgaria,1989,Rural,Male,60 - 64,Estimate - de jure,1990,110838.0,2830.0
Bulgaria,1989,Rural,Male,65 - 69,Estimate - de jure,1990,103242.0,3977.0
Bulgaria,1989,Rural,Male,70 - 74,Estimate - de jure,1990,57767.0,3388.0
Bulgaria,1989,Rural,Male,75 - 79,Estimate - de jure,1990,55975.0,5057.0
Bulgaria,1989,Rural,Male,80 +,Estimate - de jure,1990,41273.0,7580.0
Bulgaria,1989,Urban,Female,0,Estimate - de jure,1990,38066.0,424.0
Bulgaria,1989,Urban,Female,1 - 4,Estimate - de jure,1990,163670.0,111.0
Bulgaria,1989,Urban,Female,10 - 14,Estimate - de jure,1990,237831.0,59.0
Bulgaria,1989,Urban,Female,15 - 19,Estimate - de jure,1990,230020.0,76.0
Bulgaria,1989,Urban,Female,20 - 24,Estimate - de jure,1990,221503.0,103.0
Bulgaria,1989,Urban,Female,25 - 29,Estimate - de jure,1990,223373.0,110.0
Bulgaria,1989,Urban,Female,30 - 34,Estimate - de jure,1990,238143.0,175.0
Bulgaria,1989,Urban,Female,35 - 39,Estimate - de jure,1990,250672.0,266.0
Bulgaria,1989,Urban,Female,40 - 44,Estimate - de jure,1990,236787.0,425.0
Bulgaria,1989,Urban,Female,45 - 49,Estimate - de jure,1990,185390.0,503.0
Bulgaria,1989,Urban,Female,5 - 9,Estimate - de jure,1990,208160.0,54.0
Bulgaria,1989,Urban,Female,50 - 54,Estimate - de jure,1990,180677.0,774.0
Bulgaria,1989,Urban,Female,55 - 59,Estimate - de jure,1990,180980.0,1254.0
Bulgaria,1989,Urban,Female,60 - 64,Estimate - de jure,1990,162286.0,1885.0
Bulgaria,1989,Urban,Female,65 - 69,Estimate - de jure,1990,129954.0,2877.0
Bulgaria,1989,Urban,Female,70 - 74,Estimate - de jure,1990,64338.0,2576.0
Bulgaria,1989,Urban,Female,75 - 79,Estimate - de jure,1990,60648.0,3988.0
Bulgaria,1989,Urban,Female,80 +,Estimate - de jure,1990,53571.0,7795.0
Bulgaria,1989,Urban,Male,0,Estimate - de jure,1990,39842.0,588.0
Bulgaria,1989,Urban,Male,1 - 4,Estimate - de jure,1990,171498.0,143.0
Bulgaria,1989,Urban,Male,10 - 14,Estimate - de jure,1990,249200.0,110.0
Bulgaria,1989,Urban,Male,15 - 19,Estimate - de jure,1990,238509.0,183.0
Bulgaria,1989,Urban,Male,20 - 24,Estimate - de jure,1990,213514.0,244.0
Bulgaria,1989,Urban,Male,25 - 29,Estimate - de jure,1990,219568.0,257.0
Bulgaria,1989,Urban,Male,30 - 34,Estimate - de jure,1990,230835.0,384.0
Bulgaria,1989,Urban,Male,35 - 39,Estimate - de jure,1990,243438.0,589.0
Bulgaria,1989,Urban,Male,40 - 44,Estimate - de jure,1990,231627.0,912.0
Bulgaria,1989,Urban,Male,45 - 49,Estimate - de jure,1990,183503.0,1253.0
Bulgaria,1989,Urban,Male,5 - 9,Estimate - de jure,1990,220463.0,89.0
Bulgaria,1989,Urban,Male,50 - 54,Estimate - de jure,1990,175190.0,1771.0
Bulgaria,1989,Urban,Male,55 - 59,Estimate - de jure,1990,172802.0,2787.0
Bulgaria,1989,Urban,Male,60 - 64,Estimate - de jure,1990,152661.0,3776.0
Bulgaria,1989,Urban,Male,65 - 69,Estimate - de jure,1990,112524.0,4367.0
Bulgaria,1989,Urban,Male,70 - 74,Estimate - de jure,1990,51633.0,3061.0
Bulgaria,1989,Urban,Male,75 - 79,Estimate - de jure,1990,43726.0,3912.0
Bulgaria,1989,Urban,Male,80 +,Estimate - de jure,1990,33028.0,5509.0
Bulgaria,1990,Rural,Female,0,Estimate - de jure,1991,15483.0,205.0
Bulgaria,1990,Rural,Female,1 - 4,Estimate - de jure,1991,65196.0,67.0
Bulgaria,1990,Rural,Female,10 - 14,Estimate - de jure,1991,90662.0,32.0
Bulgaria,1990,Rural,Female,15 - 19,Estimate - de jure,1991,90299.0,57.0
Bulgaria,1990,Rural,Female,20 - 24,Estimate - de jure,1991,64224.0,59.0
Bulgaria,1990,Rural,Female,25 - 29,Estimate - de jure,1991,75054.0,54.0
Bulgaria,1990,Rural,Female,30 - 34,Estimate - de jure,1991,74994.0,82.0
Bulgaria,1990,Rural,Female,35 - 39,Estimate - de jure,1991,75418.0,95.0
Bulgaria,1990,Rural,Female,40 - 44,Estimate - de jure,1991,81969.0,183.0
Bulgaria,1990,Rural,Female,45 - 49,Estimate - de jure,1991,83631.0,255.0
Bulgaria,1990,Rural,Female,5 - 9,Estimate - de jure,1991,85062.0,53.0
Bulgaria,1990,Rural,Female,50 - 54,Estimate - de jure,1991,92450.0,418.0
Bulgaria,1990,Rural,Female,55 - 59,Estimate - de jure,1991,114428.0,884.0
Bulgaria,1990,Rural,Female,60 - 64,Estimate - de jure,1991,122590.0,1517.0
Bulgaria,1990,Rural,Female,65 - 69,Estimate - de jure,1991,128386.0,2698.0
Bulgaria,1990,Rural,Female,70 - 74,Estimate - de jure,1991,70316.0,2559.0
Bulgaria,1990,Rural,Female,75 - 79,Estimate - de jure,1991,72790.0,5149.0
Bulgaria,1990,Rural,Female,80 +,Estimate - de jure,1991,60313.0,10071.0
Bulgaria,1990,Rural,Male,0,Estimate - de jure,1991,16230.0,329.0
Bulgaria,1990,Rural,Male,1 - 4,Estimate - de jure,1991,68540.0,92.0
Bulgaria,1990,Rural,Male,10 - 14,Estimate - de jure,1991,95595.0,68.0
Bulgaria,1990,Rural,Male,15 - 19,Estimate - de jure,1991,98343.0,119.0
Bulgaria,1990,Rural,Male,20 - 24,Estimate - de jure,1991,80898.0,162.0
Bulgaria,1990,Rural,Male,25 - 29,Estimate - de jure,1991,86607.0,182.0
Bulgaria,1990,Rural,Male,30 - 34,Estimate - de jure,1991,85051.0,242.0
Bulgaria,1990,Rural,Male,35 - 39,Estimate - de jure,1991,82882.0,313.0
Bulgaria,1990,Rural,Male,40 - 44,Estimate - de jure,1991,84949.0,545.0
Bulgaria,1990,Rural,Male,45 - 49,Estimate - de jure,1991,80352.0,705.0
Bulgaria,1990,Rural,Male,5 - 9,Estimate - de jure,1991,89686.0,61.0
Bulgaria,1990,Rural,Male,50 - 54,Estimate - de jure,1991,87305.0,1090.0
Bulgaria,1990,Rural,Male,55 - 59,Estimate - de jure,1991,107354.0,1890.0
Bulgaria,1990,Rural,Male,60 - 64,Estimate - de jure,1991,105887.0,2702.0
Bulgaria,1990,Rural,Male,65 - 69,Estimate - de jure,1991,104734.0,3977.0
Bulgaria,1990,Rural,Male,70 - 74,Estimate - de jure,1991,56744.0,3294.0
Bulgaria,1990,Rural,Male,75 - 79,Estimate - de jure,1991,56887.0,5356.0
Bulgaria,1990,Rural,Male,80 +,Estimate - de jure,1991,42385.0,7818.0
Bulgaria,1990,Urban,Female,0,Estimate - de jure,1991,36783.0,440.0
Bulgaria,1990,Urban,Female,1 - 4,Estimate - de jure,1991,161849.0,106.0
Bulgaria,1990,Urban,Female,10 - 14,Estimate - de jure,1991,233229.0,55.0
Bulgaria,1990,Urban,Female,15 - 19,Estimate - de jure,1991,231905.0,98.0
Bulgaria,1990,Urban,Female,20 - 24,Estimate - de jure,1991,231592.0,95.0
Bulgaria,1990,Urban,Female,25 - 29,Estimate - de jure,1991,220862.0,119.0
Bulgaria,1990,Urban,Female,30 - 34,Estimate - de jure,1991,235796.0,200.0
Bulgaria,1990,Urban,Female,35 - 39,Estimate - de jure,1991,246972.0,303.0
Bulgaria,1990,Urban,Female,40 - 44,Estimate - de jure,1991,248566.0,433.0
Bulgaria,1990,Urban,Female,45 - 49,Estimate - de jure,1991,191104.0,554.0
Bulgaria,1990,Urban,Female,5 - 9,Estimate - de jure,1991,206875.0,52.0
Bulgaria,1990,Urban,Female,50 - 54,Estimate - de jure,1991,177321.0,789.0
Bulgaria,1990,Urban,Female,55 - 59,Estimate - de jure,1991,182999.0,1290.0
Bulgaria,1990,Urban,Female,60 - 64,Estimate - de jure,1991,163608.0,1946.0
Bulgaria,1990,Urban,Female,65 - 69,Estimate - de jure,1991,137092.0,2869.0
Bulgaria,1990,Urban,Female,70 - 74,Estimate - de jure,1991,66686.0,2500.0
Bulgaria,1990,Urban,Female,75 - 79,Estimate - de jure,1991,62883.0,4208.0
Bulgaria,1990,Urban,Female,80 +,Estimate - de jure,1991,56080.0,8333.0
Bulgaria,1990,Urban,Male,0,Estimate - de jure,1991,38655.0,580.0
Bulgaria,1990,Urban,Male,1 - 4,Estimate - de jure,1991,169551.0,148.0
Bulgaria,1990,Urban,Male,10 - 14,Estimate - de jure,1991,244914.0,100.0
Bulgaria,1990,Urban,Male,15 - 19,Estimate - de jure,1991,240369.0,218.0
Bulgaria,1990,Urban,Male,20 - 24,Estimate - de jure,1991,226908.0,266.0
Bulgaria,1990,Urban,Male,25 - 29,Estimate - de jure,1991,215923.0,279.0
Bulgaria,1990,Urban,Male,30 - 34,Estimate - de jure,1991,229494.0,381.0
Bulgaria,1990,Urban,Male,35 - 39,Estimate - de jure,1991,239138.0,612.0
Bulgaria,1990,Urban,Male,40 - 44,Estimate - de jure,1991,242024.0,1039.0
Bulgaria,1990,Urban,Male,45 - 49,Estimate - de jure,1991,188623.0,1287.0
Bulgaria,1990,Urban,Male,5 - 9,Estimate - de jure,1991,218980.0,73.0
Bulgaria,1990,Urban,Male,50 - 54,Estimate - de jure,1991,171806.0,1862.0
Bulgaria,1990,Urban,Male,55 - 59,Estimate - de jure,1991,173215.0,2693.0
Bulgaria,1990,Urban,Male,60 - 64,Estimate - de jure,1991,153168.0,3807.0
Bulgaria,1990,Urban,Male,65 - 69,Estimate - de jure,1991,118522.0,4444.0
Bulgaria,1990,Urban,Male,70 - 74,Estimate - de jure,1991,53662.0,3095.0
Bulgaria,1990,Urban,Male,75 - 79,Estimate - de jure,1991,45420.0,4173.0
Bulgaria,1990,Urban,Male,80 +,Estimate - de jure,1991,34473.0,5778.0
Bulgaria,1992,Rural,Female,0,Estimate - de jure,1993,14531.0,220.0
Bulgaria,1992,Rural,Female,1 - 4,Estimate - de jure,1993,61817.0,86.0
Bulgaria,1992,Rural,Female,10 - 14,Estimate - de jure,1993,80336.0,37.0
Bulgaria,1992,Rural,Female,15 - 19,Estimate - de jure,1993,75985.0,58.0
Bulgaria,1992,Rural,Female,20 - 24,Estimate - de jure,1993,75410.0,52.0
Bulgaria,1992,Rural,Female,25 - 29,Estimate - de jure,1993,71290.0,57.0
Bulgaria,1992,Rural,Female,30 - 34,Estimate - de jure,1993,68902.0,68.0
Bulgaria,1992,Rural,Female,35 - 39,Estimate - de jure,1993,69456.0,106.0
Bulgaria,1992,Rural,Female,40 - 44,Estimate - de jure,1993,76227.0,189.0
Bulgaria,1992,Rural,Female,45 - 49,Estimate - de jure,1993,81126.0,251.0
Bulgaria,1992,Rural,Female,5 - 9,Estimate - de jure,1993,78573.0,46.0
Bulgaria,1992,Rural,Female,50 - 54,Estimate - de jure,1993,88475.0,427.0
Bulgaria,1992,Rural,Female,55 - 59,Estimate - de jure,1993,113884.0,840.0
Bulgaria,1992,Rural,Female,60 - 64,Estimate - de jure,1993,119231.0,1448.0
Bulgaria,1992,Rural,Female,65 - 69,Estimate - de jure,1993,126521.0,2569.0
Bulgaria,1992,Rural,Female,70 - 74,Estimate - de jure,1993,88952.0,3108.0
Bulgaria,1992,Rural,Female,75 - 79,Estimate - de jure,1993,59727.0,4136.0
Bulgaria,1992,Rural,Female,80 +,Estimate - de jure,1993,64209.0,10046.0
Bulgaria,1992,Rural,Male,0,Estimate - de jure,1993,15569.0,264.0
Bulgaria,1992,Rural,Male,1 - 4,Estimate - de jure,1993,65316.0,117.0
Bulgaria,1992,Rural,Male,10 - 14,Estimate - de jure,1993,87488.0,39.0
Bulgaria,1992,Rural,Male,15 - 19,Estimate - de jure,1993,83264.0,111.0
Bulgaria,1992,Rural,Male,20 - 24,Estimate - de jure,1993,88470.0,156.0
Bulgaria,1992,Rural,Male,25 - 29,Estimate - de jure,1993,81570.0,163.0
Bulgaria,1992,Rural,Male,30 - 34,Estimate - de jure,1993,80849.0,193.0
Bulgaria,1992,Rural,Male,35 - 39,Estimate - de jure,1993,78726.0,330.0
Bulgaria,1992,Rural,Male,40 - 44,Estimate - de jure,1993,81107.0,571.0
Bulgaria,1992,Rural,Male,45 - 49,Estimate - de jure,1993,79602.0,789.0
Bulgaria,1992,Rural,Male,5 - 9,Estimate - de jure,1993,83063.0,62.0
Bulgaria,1992,Rural,Male,50 - 54,Estimate - de jure,1993,83253.0,1078.0
Bulgaria,1992,Rural,Male,55 - 59,Estimate - de jure,1993,106118.0,1935.0
Bulgaria,1992,Rural,Male,60 - 64,Estimate - de jure,1993,106829.0,2627.0
Bulgaria,1992,Rural,Male,65 - 69,Estimate - de jure,1993,105735.0,3993.0
Bulgaria,1992,Rural,Male,70 - 74,Estimate - de jure,1993,70860.0,3770.0
Bulgaria,1992,Rural,Male,75 - 79,Estimate - de jure,1993,46176.0,4286.0
Bulgaria,1992,Rural,Male,80 +,Estimate - de jure,1993,44275.0,7839.0
Bulgaria,1992,Urban,Female,0,Estimate - de jure,1993,29569.0,394.0
Bulgaria,1992,Urban,Female,1 - 4,Estimate - de jure,1993,136937.0,88.0
Bulgaria,1992,Urban,Female,10 - 14,Estimate - de jure,1993,211843.0,50.0
Bulgaria,1992,Urban,Female,15 - 19,Estimate - de jure,1993,235713.0,98.0
Bulgaria,1992,Urban,Female,20 - 24,Estimate - de jure,1993,213990.0,110.0
Bulgaria,1992,Urban,Female,25 - 29,Estimate - de jure,1993,195616.0,110.0
Bulgaria,1992,Urban,Female,30 - 34,Estimate - de jure,1993,216731.0,190.0
Bulgaria,1992,Urban,Female,35 - 39,Estimate - de jure,1993,231813.0,262.0
Bulgaria,1992,Urban,Female,40 - 44,Estimate - de jure,1993,240614.0,400.0
Bulgaria,1992,Urban,Female,45 - 49,Estimate - de jure,1993,201724.0,591.0
Bulgaria,1992,Urban,Female,5 - 9,Estimate - de jure,1993,189197.0,66.0
Bulgaria,1992,Urban,Female,50 - 54,Estimate - de jure,1993,165434.0,754.0
Bulgaria,1992,Urban,Female,55 - 59,Estimate - de jure,1993,168919.0,1313.0
Bulgaria,1992,Urban,Female,60 - 64,Estimate - de jure,1993,155140.0,1970.0
Bulgaria,1992,Urban,Female,65 - 69,Estimate - de jure,1993,137258.0,2926.0
Bulgaria,1992,Urban,Female,70 - 74,Estimate - de jure,1993,85125.0,3162.0
Bulgaria,1992,Urban,Female,75 - 79,Estimate - de jure,1993,53402.0,3700.0
Bulgaria,1992,Urban,Female,80 +,Estimate - de jure,1993,57252.0,8355.0
Bulgaria,1992,Urban,Male,0,Estimate - de jure,1993,31205.0,542.0
Bulgaria,1992,Urban,Male,1 - 4,Estimate - de jure,1993,143806.0,129.0
Bulgaria,1992,Urban,Male,10 - 14,Estimate - de jure,1993,221911.0,85.0
Bulgaria,1992,Urban,Male,15 - 19,Estimate - de jure,1993,240495.0,199.0
Bulgaria,1992,Urban,Male,20 - 24,Estimate - de jure,1993,213954.0,277.0
Bulgaria,1992,Urban,Male,25 - 29,Estimate - de jure,1993,191160.0,295.0
Bulgaria,1992,Urban,Male,30 - 34,Estimate - de jure,1993,207010.0,370.0
Bulgaria,1992,Urban,Male,35 - 39,Estimate - de jure,1993,219196.0,626.0
Bulgaria,1992,Urban,Male,40 - 44,Estimate - de jure,1993,230153.0,1051.0
Bulgaria,1992,Urban,Male,45 - 49,Estimate - de jure,1993,195676.0,1469.0
Bulgaria,1992,Urban,Male,5 - 9,Estimate - de jure,1993,198512.0,84.0
Bulgaria,1992,Urban,Male,50 - 54,Estimate - de jure,1993,158988.0,1824.0
Bulgaria,1992,Urban,Male,55 - 59,Estimate - de jure,1993,157958.0,2725.0
Bulgaria,1992,Urban,Male,60 - 64,Estimate - de jure,1993,142197.0,3606.0
Bulgaria,1992,Urban,Male,65 - 69,Estimate - de jure,1993,117105.0,4633.0
Bulgaria,1992,Urban,Male,70 - 74,Estimate - de jure,1993,67641.0,4018.0
Bulgaria,1992,Urban,Male,75 - 79,Estimate - de jure,1993,38303.0,3457.0
Bulgaria,1992,Urban,Male,80 +,Estimate - de jure,1993,35803.0,6002.0
Bulgaria,1993,Rural,Female,0,Estimate - de jure,1994,12586.0,177.0
Bulgaria,1993,Rural,Female,1 - 4,Estimate - de jure,1994,58476.0,66.0
Bulgaria,1993,Rural,Female,10 - 14,Estimate - de jure,1994,79013.0,36.0
Bulgaria,1993,Rural,Female,15 - 19,Estimate - de jure,1994,71881.0,35.0
Bulgaria,1993,Rural,Female,20 - 24,Estimate - de jure,1994,74954.0,51.0
Bulgaria,1993,Rural,Female,25 - 29,Estimate - de jure,1994,70455.0,56.0
Bulgaria,1993,Rural,Female,30 - 34,Estimate - de jure,1994,67678.0,70.0
Bulgaria,1993,Rural,Female,35 - 39,Estimate - de jure,1994,67670.0,91.0
Bulgaria,1993,Rural,Female,40 - 44,Estimate - de jure,1994,73530.0,157.0
Bulgaria,1993,Rural,Female,45 - 49,Estimate - de jure,1994,79516.0,232.0
Bulgaria,1993,Rural,Female,5 - 9,Estimate - de jure,1994,76453.0,40.0
Bulgaria,1993,Rural,Female,50 - 54,Estimate - de jure,1994,85346.0,437.0
Bulgaria,1993,Rural,Female,55 - 59,Estimate - de jure,1994,105290.0,758.0
Bulgaria,1993,Rural,Female,60 - 64,Estimate - de jure,1994,117050.0,1441.0
Bulgaria,1993,Rural,Female,65 - 69,Estimate - de jure,1994,122918.0,2479.0
Bulgaria,1993,Rural,Female,70 - 74,Estimate - de jure,1994,104995.0,3631.0
Bulgaria,1993,Rural,Female,75 - 79,Estimate - de jure,1994,52641.0,3657.0
Bulgaria,1993,Rural,Female,80 +,Estimate - de jure,1994,63267.0,10262.0
Bulgaria,1993,Rural,Male,0,Estimate - de jure,1994,13204.0,268.0
Bulgaria,1993,Rural,Male,1 - 4,Estimate - de jure,1994,62041.0,91.0
Bulgaria,1993,Rural,Male,10 - 14,Estimate - de jure,1994,85207.0,49.0
Bulgaria,1993,Rural,Male,15 - 19,Estimate - de jure,1994,80238.0,102.0
Bulgaria,1993,Rural,Male,20 - 24,Estimate - de jure,1994,87142.0,146.0
Bulgaria,1993,Rural,Male,25 - 29,Estimate - de jure,1994,80325.0,155.0
Bulgaria,1993,Rural,Male,30 - 34,Estimate - de jure,1994,79755.0,225.0
Bulgaria,1993,Rural,Male,35 - 39,Estimate - de jure,1994,77521.0,349.0
Bulgaria,1993,Rural,Male,40 - 44,Estimate - de jure,1994,78696.0,570.0
Bulgaria,1993,Rural,Male,45 - 49,Estimate - de jure,1994,79573.0,792.0
Bulgaria,1993,Rural,Male,5 - 9,Estimate - de jure,1994,81268.0,45.0
Bulgaria,1993,Rural,Male,50 - 54,Estimate - de jure,1994,79826.0,1112.0
Bulgaria,1993,Rural,Male,55 - 59,Estimate - de jure,1994,96466.0,1969.0
Bulgaria,1993,Rural,Male,60 - 64,Estimate - de jure,1994,106648.0,2662.0
Bulgaria,1993,Rural,Male,65 - 69,Estimate - de jure,1994,102950.0,3856.0
Bulgaria,1993,Rural,Male,70 - 74,Estimate - de jure,1994,81640.0,4504.0
Bulgaria,1993,Rural,Male,75 - 79,Estimate - de jure,1994,39959.0,3788.0
Bulgaria,1993,Rural,Male,80 +,Estimate - de jure,1994,43066.0,7992.0
Bulgaria,1993,Urban,Female,0,Estimate - de jure,1994,27791.0,360.0
Bulgaria,1993,Urban,Female,1 - 4,Estimate - de jure,1994,124972.0,87.0
Bulgaria,1993,Urban,Female,10 - 14,Estimate - de jure,1994,201284.0,46.0
Bulgaria,1993,Urban,Female,15 - 19,Estimate - de jure,1994,240995.0,99.0
Bulgaria,1993,Urban,Female,20 - 24,Estimate - de jure,1994,215628.0,109.0
Bulgaria,1993,Urban,Female,25 - 29,Estimate - de jure,1994,195359.0,122.0
Bulgaria,1993,Urban,Female,30 - 34,Estimate - de jure,1994,212358.0,183.0
Bulgaria,1993,Urban,Female,35 - 39,Estimate - de jure,1994,226993.0,257.0
Bulgaria,1993,Urban,Female,40 - 44,Estimate - de jure,1994,238311.0,395.0
Bulgaria,1993,Urban,Female,45 - 49,Estimate - de jure,1994,216132.0,575.0
Bulgaria,1993,Urban,Female,5 - 9,Estimate - de jure,1994,184862.0,47.0
Bulgaria,1993,Urban,Female,50 - 54,Estimate - de jure,1994,168753.0,738.0
Bulgaria,1993,Urban,Female,55 - 59,Estimate - de jure,1994,163073.0,1165.0
Bulgaria,1993,Urban,Female,60 - 64,Estimate - de jure,1994,156943.0,1877.0
Bulgaria,1993,Urban,Female,65 - 69,Estimate - de jure,1994,140182.0,2950.0
Bulgaria,1993,Urban,Female,70 - 74,Estimate - de jure,1994,104266.0,3652.0
Bulgaria,1993,Urban,Female,75 - 79,Estimate - de jure,1994,48224.0,3309.0
Bulgaria,1993,Urban,Female,80 +,Estimate - de jure,1994,58280.0,8890.0
Bulgaria,1993,Urban,Male,0,Estimate - de jure,1994,29509.0,505.0
Bulgaria,1993,Urban,Male,1 - 4,Estimate - de jure,1994,131663.0,102.0
Bulgaria,1993,Urban,Male,10 - 14,Estimate - de jure,1994,211805.0,74.0
Bulgaria,1993,Urban,Male,15 - 19,Estimate - de jure,1994,247159.0,221.0
Bulgaria,1993,Urban,Male,20 - 24,Estimate - de jure,1994,215097.0,284.0
Bulgaria,1993,Urban,Male,25 - 29,Estimate - de jure,1994,192226.0,267.0
Bulgaria,1993,Urban,Male,30 - 34,Estimate - de jure,1994,203126.0,428.0
Bulgaria,1993,Urban,Male,35 - 39,Estimate - de jure,1994,213372.0,663.0
Bulgaria,1993,Urban,Male,40 - 44,Estimate - de jure,1994,226624.0,1118.0
Bulgaria,1993,Urban,Male,45 - 49,Estimate - de jure,1994,206487.0,1578.0
Bulgaria,1993,Urban,Male,5 - 9,Estimate - de jure,1994,193143.0,84.0
Bulgaria,1993,Urban,Male,50 - 54,Estimate - de jure,1994,161239.0,1885.0
Bulgaria,1993,Urban,Male,55 - 59,Estimate - de jure,1994,151755.0,2820.0
Bulgaria,1993,Urban,Male,60 - 64,Estimate - de jure,1994,141166.0,3594.0
Bulgaria,1993,Urban,Male,65 - 69,Estimate - de jure,1994,119524.0,4761.0
Bulgaria,1993,Urban,Male,70 - 74,Estimate - de jure,1994,81635.0,4497.0
Bulgaria,1993,Urban,Male,75 - 79,Estimate - de jure,1994,34565.0,3268.0
Bulgaria,1993,Urban,Male,80 +,Estimate - de jure,1994,36018.0,6179.0
Bulgaria,1994,Rural,Female,0,Estimate - de jure,1995,11732.0,210.0
Bulgaria,1994,Rural,Female,1 - 4,Estimate - de jure,1995,55488.0,73.0
Bulgaria,1994,Rural,Female,10 - 14,Estimate - de jure,1995,77792.0,30.0
Bulgaria,1994,Rural,Female,15 - 19,Estimate - de jure,1995,71718.0,56.0
Bulgaria,1994,Rural,Female,20 - 24,Estimate - de jure,1995,73310.0,43.0
Bulgaria,1994,Rural,Female,25 - 29,Estimate - de jure,1995,71852.0,55.0
Bulgaria,1994,Rural,Female,30 - 34,Estimate - de jure,1995,68340.0,61.0
Bulgaria,1994,Rural,Female,35 - 39,Estimate - de jure,1995,67154.0,117.0
Bulgaria,1994,Rural,Female,40 - 44,Estimate - de jure,1995,70955.0,159.0
Bulgaria,1994,Rural,Female,45 - 49,Estimate - de jure,1995,80247.0,278.0
Bulgaria,1994,Rural,Female,5 - 9,Estimate - de jure,1995,76034.0,27.0
Bulgaria,1994,Rural,Female,50 - 54,Estimate - de jure,1995,83906.0,404.0
Bulgaria,1994,Rural,Female,55 - 59,Estimate - de jure,1995,97786.0,740.0
Bulgaria,1994,Rural,Female,60 - 64,Estimate - de jure,1995,119060.0,1393.0
Bulgaria,1994,Rural,Female,65 - 69,Estimate - de jure,1995,117341.0,2461.0
Bulgaria,1994,Rural,Female,70 - 74,Estimate - de jure,1995,110322.0,3905.0
Bulgaria,1994,Rural,Female,75 - 79,Estimate - de jure,1995,50382.0,3681.0
Bulgaria,1994,Rural,Female,80 +,Estimate - de jure,1995,67630.0,10120.0
Bulgaria,1994,Rural,Male,0,Estimate - de jure,1995,11992.0,244.0
Bulgaria,1994,Rural,Male,1 - 4,Estimate - de jure,1995,58500.0,102.0
Bulgaria,1994,Rural,Male,10 - 14,Estimate - de jure,1995,83912.0,53.0
Bulgaria,1994,Rural,Male,15 - 19,Estimate - de jure,1995,80507.0,102.0
Bulgaria,1994,Rural,Male,20 - 24,Estimate - de jure,1995,85227.0,148.0
Bulgaria,1994,Rural,Male,25 - 29,Estimate - de jure,1995,81393.0,145.0
Bulgaria,1994,Rural,Male,30 - 34,Estimate - de jure,1995,80289.0,212.0
Bulgaria,1994,Rural,Male,35 - 39,Estimate - de jure,1995,77046.0,353.0
Bulgaria,1994,Rural,Male,40 - 44,Estimate - de jure,1995,77175.0,545.0
Bulgaria,1994,Rural,Male,45 - 49,Estimate - de jure,1995,80834.0,890.0
Bulgaria,1994,Rural,Male,5 - 9,Estimate - de jure,1995,80500.0,68.0
Bulgaria,1994,Rural,Male,50 - 54,Estimate - de jure,1995,78742.0,1188.0
Bulgaria,1994,Rural,Male,55 - 59,Estimate - de jure,1995,88502.0,1828.0
Bulgaria,1994,Rural,Male,60 - 64,Estimate - de jure,1995,107863.0,2798.0
Bulgaria,1994,Rural,Male,65 - 69,Estimate - de jure,1995,98961.0,3821.0
Bulgaria,1994,Rural,Male,70 - 74,Estimate - de jure,1995,84426.0,4864.0
Bulgaria,1994,Rural,Male,75 - 79,Estimate - de jure,1995,38079.0,3493.0
Bulgaria,1994,Rural,Male,80 +,Estimate - de jure,1995,46517.0,7676.0
Bulgaria,1994,Urban,Female,0,Estimate - de jure,1995,26588.0,374.0
Bulgaria,1994,Urban,Female,1 - 4,Estimate - de jure,1995,118150.0,83.0
Bulgaria,1994,Urban,Female,10 - 14,Estimate - de jure,1995,196700.0,42.0
Bulgaria,1994,Urban,Female,15 - 19,Estimate - de jure,1995,235773.0,88.0
Bulgaria,1994,Urban,Female,20 - 24,Estimate - de jure,1995,221384.0,115.0
Bulgaria,1994,Urban,Female,25 - 29,Estimate - de jure,1995,200669.0,115.0
Bulgaria,1994,Urban,Female,30 - 34,Estimate - de jure,1995,208942.0,169.0
Bulgaria,1994,Urban,Female,35 - 39,Estimate - de jure,1995,223873.0,305.0
Bulgaria,1994,Urban,Female,40 - 44,Estimate - de jure,1995,234969.0,443.0
Bulgaria,1994,Urban,Female,45 - 49,Estimate - de jure,1995,227185.0,662.0
Bulgaria,1994,Urban,Female,5 - 9,Estimate - de jure,1995,181446.0,39.0
Bulgaria,1994,Urban,Female,50 - 54,Estimate - de jure,1995,172491.0,746.0
Bulgaria,1994,Urban,Female,55 - 59,Estimate - de jure,1995,158067.0,1152.0
Bulgaria,1994,Urban,Female,60 - 64,Estimate - de jure,1995,159635.0,1926.0
Bulgaria,1994,Urban,Female,65 - 69,Estimate - de jure,1995,139368.0,2983.0
Bulgaria,1994,Urban,Female,70 - 74,Estimate - de jure,1995,111461.0,4073.0
Bulgaria,1994,Urban,Female,75 - 79,Estimate - de jure,1995,47652.0,3432.0
Bulgaria,1994,Urban,Female,80 +,Estimate - de jure,1995,62050.0,9017.0
Bulgaria,1994,Urban,Male,0,Estimate - de jure,1995,27834.0,468.0
Bulgaria,1994,Urban,Male,1 - 4,Estimate - de jure,1995,125160.0,105.0
Bulgaria,1994,Urban,Male,10 - 14,Estimate - de jure,1995,206917.0,75.0
Bulgaria,1994,Urban,Male,15 - 19,Estimate - de jure,1995,242629.0,239.0
Bulgaria,1994,Urban,Male,20 - 24,Estimate - de jure,1995,220759.0,302.0
Bulgaria,1994,Urban,Male,25 - 29,Estimate - de jure,1995,198681.0,320.0
Bulgaria,1994,Urban,Male,30 - 34,Estimate - de jure,1995,200307.0,431.0
Bulgaria,1994,Urban,Male,35 - 39,Estimate - de jure,1995,210672.0,673.0
Bulgaria,1994,Urban,Male,40 - 44,Estimate - de jure,1995,221810.0,1093.0
Bulgaria,1994,Urban,Male,45 - 49,Estimate - de jure,1995,215606.0,1754.0
Bulgaria,1994,Urban,Male,5 - 9,Estimate - de jure,1995,189373.0,71.0
Bulgaria,1994,Urban,Male,50 - 54,Estimate - de jure,1995,164452.0,1976.0
Bulgaria,1994,Urban,Male,55 - 59,Estimate - de jure,1995,146312.0,2776.0
Bulgaria,1994,Urban,Male,60 - 64,Estimate - de jure,1995,141496.0,3938.0
Bulgaria,1994,Urban,Male,65 - 69,Estimate - de jure,1995,118468.0,4838.0
Bulgaria,1994,Urban,Male,70 - 74,Estimate - de jure,1995,85924.0,5159.0
Bulgaria,1994,Urban,Male,75 - 79,Estimate - de jure,1995,34436.0,3162.0
Bulgaria,1994,Urban,Male,80 +,Estimate - de jure,1995,38665.0,6300.0
Bulgaria,1995,Rural,Female,0,Estimate - de jure,1996,10504.0,148.0
Bulgaria,1995,Rural,Female,1 - 4,Estimate - de jure,1996,52664.0,64.0
Bulgaria,1995,Rural,Female,10 - 14,Estimate - de jure,1996,77149.0,30.0
Bulgaria,1995,Rural,Female,15 - 19,Estimate - de jure,1996,73060.0,48.0
Bulgaria,1995,Rural,Female,20 - 24,Estimate - de jure,1996,71337.0,53.0
Bulgaria,1995,Rural,Female,25 - 29,Estimate - de jure,1996,73109.0,59.0
Bulgaria,1995,Rural,Female,30 - 34,Estimate - de jure,1996,68819.0,65.0
Bulgaria,1995,Rural,Female,35 - 39,Estimate - de jure,1996,67275.0,102.0
Bulgaria,1995,Rural,Female,40 - 44,Estimate - de jure,1996,68953.0,149.0
Bulgaria,1995,Rural,Female,45 - 49,Estimate - de jure,1996,80704.0,283.0
Bulgaria,1995,Rural,Female,5 - 9,Estimate - de jure,1996,75712.0,44.0
Bulgaria,1995,Rural,Female,50 - 54,Estimate - de jure,1996,83161.0,439.0
Bulgaria,1995,Rural,Female,55 - 59,Estimate - de jure,1996,95448.0,744.0
Bulgaria,1995,Rural,Female,60 - 64,Estimate - de jure,1996,117114.0,1383.0
Bulgaria,1995,Rural,Female,65 - 69,Estimate - de jure,1996,115375.0,2413.0
Bulgaria,1995,Rural,Female,70 - 74,Estimate - de jure,1996,110304.0,4177.0
Bulgaria,1995,Rural,Female,75 - 79,Estimate - de jure,1996,54752.0,3400.0
Bulgaria,1995,Rural,Female,80 +,Estimate - de jure,1996,68507.0,11090.0
Bulgaria,1995,Rural,Male,0,Estimate - de jure,1996,10973.0,212.0
Bulgaria,1995,Rural,Male,1 - 4,Estimate - de jure,1996,55245.0,73.0
Bulgaria,1995,Rural,Male,10 - 14,Estimate - de jure,1996,82957.0,41.0
Bulgaria,1995,Rural,Male,15 - 19,Estimate - de jure,1996,81930.0,94.0
Bulgaria,1995,Rural,Male,20 - 24,Estimate - de jure,1996,82802.0,141.0
Bulgaria,1995,Rural,Male,25 - 29,Estimate - de jure,1996,83078.0,155.0
Bulgaria,1995,Rural,Male,30 - 34,Estimate - de jure,1996,79843.0,192.0
Bulgaria,1995,Rural,Male,35 - 39,Estimate - de jure,1996,77970.0,317.0
Bulgaria,1995,Rural,Male,40 - 44,Estimate - de jure,1996,75562.0,537.0
Bulgaria,1995,Rural,Male,45 - 49,Estimate - de jure,1996,82965.0,905.0
Bulgaria,1995,Rural,Male,5 - 9,Estimate - de jure,1996,79951.0,70.0
Bulgaria,1995,Rural,Male,50 - 54,Estimate - de jure,1996,78571.0,1127.0
Bulgaria,1995,Rural,Male,55 - 59,Estimate - de jure,1996,85058.0,1744.0
Bulgaria,1995,Rural,Male,60 - 64,Estimate - de jure,1996,106232.0,2858.0
Bulgaria,1995,Rural,Male,65 - 69,Estimate - de jure,1996,97234.0,3818.0
Bulgaria,1995,Rural,Male,70 - 74,Estimate - de jure,1996,84805.0,4913.0
Bulgaria,1995,Rural,Male,75 - 79,Estimate - de jure,1996,40380.0,3520.0
Bulgaria,1995,Rural,Male,80 +,Estimate - de jure,1996,46850.0,8495.0
Bulgaria,1995,Urban,Female,0,Estimate - de jure,1996,24205.0,308.0
Bulgaria,1995,Urban,Female,1 - 4,Estimate - de jure,1996,111703.0,71.0
Bulgaria,1995,Urban,Female,10 - 14,Estimate - de jure,1996,192704.0,33.0
Bulgaria,1995,Urban,Female,15 - 19,Estimate - de jure,1996,228347.0,99.0
Bulgaria,1995,Urban,Female,20 - 24,Estimate - de jure,1996,227822.0,98.0
Bulgaria,1995,Urban,Female,25 - 29,Estimate - de jure,1996,205129.0,122.0
Bulgaria,1995,Urban,Female,30 - 34,Estimate - de jure,1996,203719.0,185.0
Bulgaria,1995,Urban,Female,35 - 39,Estimate - de jure,1996,219745.0,241.0
Bulgaria,1995,Urban,Female,40 - 44,Estimate - de jure,1996,229180.0,435.0
Bulgaria,1995,Urban,Female,45 - 49,Estimate - de jure,1996,236802.0,655.0
Bulgaria,1995,Urban,Female,5 - 9,Estimate - de jure,1996,176919.0,44.0
Bulgaria,1995,Urban,Female,50 - 54,Estimate - de jure,1996,177982.0,763.0
Bulgaria,1995,Urban,Female,55 - 59,Estimate - de jure,1996,155163.0,1195.0
Bulgaria,1995,Urban,Female,60 - 64,Estimate - de jure,1996,157228.0,1994.0
Bulgaria,1995,Urban,Female,65 - 69,Estimate - de jure,1996,140521.0,2919.0
Bulgaria,1995,Urban,Female,70 - 74,Estimate - de jure,1996,114441.0,4311.0
Bulgaria,1995,Urban,Female,75 - 79,Estimate - de jure,1996,52510.0,3326.0
Bulgaria,1995,Urban,Female,80 +,Estimate - de jure,1996,63280.0,9780.0
Bulgaria,1995,Urban,Male,0,Estimate - de jure,1996,25220.0,397.0
Bulgaria,1995,Urban,Male,1 - 4,Estimate - de jure,1996,118074.0,94.0
Bulgaria,1995,Urban,Male,10 - 14,Estimate - de jure,1996,202342.0,82.0
Bulgaria,1995,Urban,Male,15 - 19,Estimate - de jure,1996,235620.0,188.0
Bulgaria,1995,Urban,Male,20 - 24,Estimate - de jure,1996,226625.0,305.0
Bulgaria,1995,Urban,Male,25 - 29,Estimate - de jure,1996,205050.0,293.0
Bulgaria,1995,Urban,Male,30 - 34,Estimate - de jure,1996,195828.0,399.0
Bulgaria,1995,Urban,Male,35 - 39,Estimate - de jure,1996,207315.0,627.0
Bulgaria,1995,Urban,Male,40 - 44,Estimate - de jure,1996,214709.0,1117.0
Bulgaria,1995,Urban,Male,45 - 49,Estimate - de jure,1996,222752.0,1764.0
Bulgaria,1995,Urban,Male,5 - 9,Estimate - de jure,1996,185023.0,51.0
Bulgaria,1995,Urban,Male,50 - 54,Estimate - de jure,1996,167708.0,2085.0
Bulgaria,1995,Urban,Male,55 - 59,Estimate - de jure,1996,143803.0,2729.0
Bulgaria,1995,Urban,Male,60 - 64,Estimate - de jure,1996,137356.0,3957.0
Bulgaria,1995,Urban,Male,65 - 69,Estimate - de jure,1996,118326.0,4722.0
Bulgaria,1995,Urban,Male,70 - 74,Estimate - de jure,1996,87688.0,5324.0
Bulgaria,1995,Urban,Male,75 - 79,Estimate - de jure,1996,37889.0,3321.0
Bulgaria,1995,Urban,Male,80 +,Estimate - de jure,1996,39634.0,6733.0
Bulgaria,1996,Rural,Female,0,Estimate - de jure,1997,10283.0,151.0
Bulgaria,1996,Rural,Female,1 - 4,Estimate - de jure,1997,49542.0,67.0
Bulgaria,1996,Rural,Female,10 - 14,Estimate - de jure,1997,77738.0,40.0
Bulgaria,1996,Rural,Female,15 - 19,Estimate - de jure,1997,74911.0,39.0
Bulgaria,1996,Rural,Female,20 - 24,Estimate - de jure,1997,71410.0,55.0
Bulgaria,1996,Rural,Female,25 - 29,Estimate - de jure,1997,74941.0,66.0
Bulgaria,1996,Rural,Female,30 - 34,Estimate - de jure,1997,68905.0,62.0
Bulgaria,1996,Rural,Female,35 - 39,Estimate - de jure,1997,67312.0,89.0
Bulgaria,1996,Rural,Female,40 - 44,Estimate - de jure,1997,69369.0,151.0
Bulgaria,1996,Rural,Female,45 - 49,Estimate - de jure,1997,77480.0,271.0
Bulgaria,1996,Rural,Female,5 - 9,Estimate - de jure,1997,75881.0,50.0
Bulgaria,1996,Rural,Female,50 - 54,Estimate - de jure,1997,82932.0,417.0
Bulgaria,1996,Rural,Female,55 - 59,Estimate - de jure,1997,91489.0,688.0
Bulgaria,1996,Rural,Female,60 - 64,Estimate - de jure,1997,116483.0,1441.0
Bulgaria,1996,Rural,Female,65 - 69,Estimate - de jure,1997,111401.0,2467.0
Bulgaria,1996,Rural,Female,70 - 74,Estimate - de jure,1997,111411.0,4192.0
Bulgaria,1996,Rural,Female,75 - 79,Estimate - de jure,1997,65111.0,3784.0
Bulgaria,1996,Rural,Female,80 +,Estimate - de jure,1997,73717.0,11301.0
Bulgaria,1996,Rural,Male,0,Estimate - de jure,1997,10656.0,222.0
Bulgaria,1996,Rural,Male,1 - 4,Estimate - de jure,1997,52098.0,82.0
Bulgaria,1996,Rural,Male,10 - 14,Estimate - de jure,1997,82611.0,52.0
Bulgaria,1996,Rural,Male,15 - 19,Estimate - de jure,1997,83636.0,100.0
Bulgaria,1996,Rural,Male,20 - 24,Estimate - de jure,1997,81245.0,115.0
Bulgaria,1996,Rural,Male,25 - 29,Estimate - de jure,1997,85155.0,136.0
Bulgaria,1996,Rural,Male,30 - 34,Estimate - de jure,1997,79268.0,179.0
Bulgaria,1996,Rural,Male,35 - 39,Estimate - de jure,1997,78412.0,299.0
Bulgaria,1996,Rural,Male,40 - 44,Estimate - de jure,1997,77099.0,494.0
Bulgaria,1996,Rural,Male,45 - 49,Estimate - de jure,1997,80349.0,852.0
Bulgaria,1996,Rural,Male,5 - 9,Estimate - de jure,1997,80366.0,52.0
Bulgaria,1996,Rural,Male,50 - 54,Estimate - de jure,1997,78799.0,1184.0
Bulgaria,1996,Rural,Male,55 - 59,Estimate - de jure,1997,82125.0,1606.0
Bulgaria,1996,Rural,Male,60 - 64,Estimate - de jure,1997,103795.0,2879.0
Bulgaria,1996,Rural,Male,65 - 69,Estimate - de jure,1997,94663.0,3660.0
Bulgaria,1996,Rural,Male,70 - 74,Estimate - de jure,1997,85959.0,5151.0
Bulgaria,1996,Rural,Male,75 - 79,Estimate - de jure,1997,48054.0,3826.0
Bulgaria,1996,Rural,Male,80 +,Estimate - de jure,1997,51728.0,8311.0
Bulgaria,1996,Urban,Female,0,Estimate - de jure,1997,24103.0,309.0
Bulgaria,1996,Urban,Female,1 - 4,Estimate - de jure,1997,106224.0,64.0
Bulgaria,1996,Urban,Female,10 - 14,Estimate - de jure,1997,189687.0,49.0
Bulgaria,1996,Urban,Female,15 - 19,Estimate - de jure,1997,218657.0,90.0
Bulgaria,1996,Urban,Female,20 - 24,Estimate - de jure,1997,233596.0,104.0
Bulgaria,1996,Urban,Female,25 - 29,Estimate - de jure,1997,210022.0,125.0
Bulgaria,1996,Urban,Female,30 - 34,Estimate - de jure,1997,197306.0,152.0
Bulgaria,1996,Urban,Female,35 - 39,Estimate - de jure,1997,215879.0,264.0
Bulgaria,1996,Urban,Female,40 - 44,Estimate - de jure,1997,229594.0,450.0
Bulgaria,1996,Urban,Female,45 - 49,Estimate - de jure,1997,234676.0,664.0
Bulgaria,1996,Urban,Female,5 - 9,Estimate - de jure,1997,166986.0,31.0
Bulgaria,1996,Urban,Female,50 - 54,Estimate - de jure,1997,190189.0,816.0
Bulgaria,1996,Urban,Female,55 - 59,Estimate - de jure,1997,154377.0,1206.0
Bulgaria,1996,Urban,Female,60 - 64,Estimate - de jure,1997,157510.0,1943.0
Bulgaria,1996,Urban,Female,65 - 69,Estimate - de jure,1997,139191.0,3022.0
Bulgaria,1996,Urban,Female,70 - 74,Estimate - de jure,1997,117847.0,4657.0
Bulgaria,1996,Urban,Female,75 - 79,Estimate - de jure,1997,60401.0,3845.0
Bulgaria,1996,Urban,Female,80 +,Estimate - de jure,1997,46874.0,10149.0
Bulgaria,1996,Urban,Male,0,Estimate - de jure,1997,25901.0,443.0
Bulgaria,1996,Urban,Male,1 - 4,Estimate - de jure,1997,111516.0,94.0
Bulgaria,1996,Urban,Male,10 - 14,Estimate - de jure,1997,198893.0,77.0
Bulgaria,1996,Urban,Male,15 - 19,Estimate - de jure,1997,226479.0,173.0
Bulgaria,1996,Urban,Male,20 - 24,Estimate - de jure,1997,234301.0,248.0
Bulgaria,1996,Urban,Male,25 - 29,Estimate - de jure,1997,210677.0,292.0
Bulgaria,1996,Urban,Male,30 - 34,Estimate - de jure,1997,190697.0,327.0
Bulgaria,1996,Urban,Male,35 - 39,Estimate - de jure,1997,203809.0,606.0
Bulgaria,1996,Urban,Male,40 - 44,Estimate - de jure,1997,214476.0,1058.0
Bulgaria,1996,Urban,Male,45 - 49,Estimate - de jure,1997,219665.0,1747.0
Bulgaria,1996,Urban,Male,5 - 9,Estimate - de jure,1997,175042.0,62.0
Bulgaria,1996,Urban,Male,50 - 54,Estimate - de jure,1997,178273.0,2078.0
Bulgaria,1996,Urban,Male,55 - 59,Estimate - de jure,1997,142024.0,2645.0
Bulgaria,1996,Urban,Male,60 - 64,Estimate - de jure,1997,136930.0,3683.0
Bulgaria,1996,Urban,Male,65 - 69,Estimate - de jure,1997,115785.0,4780.0
Bulgaria,1996,Urban,Male,70 - 74,Estimate - de jure,1997,89211.0,5615.0
Bulgaria,1996,Urban,Male,75 - 79,Estimate - de jure,1997,42193.0,3733.0
Bulgaria,1996,Urban,Male,80 +,Estimate - de jure,1997,25611.0,6924.0
Bulgaria,1997,Rural,Female,0,Estimate - de jure,1998,9536.0,183.0
Bulgaria,1997,Rural,Female,1 - 4,Estimate - de jure,1998,47615.0,76.0
Bulgaria,1997,Rural,Female,10 - 14,Estimate - de jure,1998,77265.0,46.0
Bulgaria,1997,Rural,Female,15 - 19,Estimate - de jure,1998,75365.0,48.0
Bulgaria,1997,Rural,Female,20 - 24,Estimate - de jure,1998,70868.0,54.0
Bulgaria,1997,Rural,Female,25 - 29,Estimate - de jure,1998,74933.0,78.0
Bulgaria,1997,Rural,Female,30 - 34,Estimate - de jure,1998,68493.0,80.0
Bulgaria,1997,Rural,Female,35 - 39,Estimate - de jure,1998,67332.0,107.0
Bulgaria,1997,Rural,Female,40 - 44,Estimate - de jure,1998,68808.0,163.0
Bulgaria,1997,Rural,Female,45 - 49,Estimate - de jure,1998,77062.0,287.0
Bulgaria,1997,Rural,Female,5 - 9,Estimate - de jure,1998,75154.0,51.0
Bulgaria,1997,Rural,Female,50 - 54,Estimate - de jure,1998,82063.0,478.0
Bulgaria,1997,Rural,Female,55 - 59,Estimate - de jure,1998,90564.0,732.0
Bulgaria,1997,Rural,Female,60 - 64,Estimate - de jure,1998,113579.0,1483.0
Bulgaria,1997,Rural,Female,65 - 69,Estimate - de jure,1998,111812.0,2377.0
Bulgaria,1997,Rural,Female,70 - 74,Estimate - de jure,1998,109928.0,4316.0
Bulgaria,1997,Rural,Female,75 - 79,Estimate - de jure,1998,70175.0,4611.0
Bulgaria,1997,Rural,Female,80 +,Estimate - de jure,1998,70810.0,10896.0
Bulgaria,1997,Rural,Male,0,Estimate - de jure,1998,10036.0,221.0
Bulgaria,1997,Rural,Male,1 - 4,Estimate - de jure,1998,49952.0,94.0
Bulgaria,1997,Rural,Male,10 - 14,Estimate - de jure,1998,82157.0,48.0
Bulgaria,1997,Rural,Male,15 - 19,Estimate - de jure,1998,84198.0,107.0
Bulgaria,1997,Rural,Male,20 - 24,Estimate - de jure,1998,80229.0,140.0
Bulgaria,1997,Rural,Male,25 - 29,Estimate - de jure,1998,85619.0,141.0
Bulgaria,1997,Rural,Male,30 - 34,Estimate - de jure,1998,78589.0,191.0
Bulgaria,1997,Rural,Male,35 - 39,Estimate - de jure,1998,78613.0,322.0
Bulgaria,1997,Rural,Male,40 - 44,Estimate - de jure,1998,76983.0,498.0
Bulgaria,1997,Rural,Male,45 - 49,Estimate - de jure,1998,80050.0,837.0
Bulgaria,1997,Rural,Male,5 - 9,Estimate - de jure,1998,79508.0,69.0
Bulgaria,1997,Rural,Male,50 - 54,Estimate - de jure,1998,78308.0,1202.0
Bulgaria,1997,Rural,Male,55 - 59,Estimate - de jure,1998,81076.0,1622.0
Bulgaria,1997,Rural,Male,60 - 64,Estimate - de jure,1998,100687.0,2881.0
Bulgaria,1997,Rural,Male,65 - 69,Estimate - de jure,1998,95150.0,3721.0
Bulgaria,1997,Rural,Male,70 - 74,Estimate - de jure,1998,84795.0,5055.0
Bulgaria,1997,Rural,Male,75 - 79,Estimate - de jure,1998,51181.0,4521.0
Bulgaria,1997,Rural,Male,80 +,Estimate - de jure,1998,49676.0,7919.0
Bulgaria,1997,Urban,Female,0,Estimate - de jure,1998,22839.0,306.0
Bulgaria,1997,Urban,Female,1 - 4,Estimate - de jure,1998,104215.0,109.0
Bulgaria,1997,Urban,Female,10 - 14,Estimate - de jure,1998,188445.0,55.0
Bulgaria,1997,Urban,Female,15 - 19,Estimate - de jure,1998,214421.0,90.0
Bulgaria,1997,Urban,Female,20 - 24,Estimate - de jure,1998,237301.0,125.0
Bulgaria,1997,Urban,Female,25 - 29,Estimate - de jure,1998,212048.0,116.0
Bulgaria,1997,Urban,Female,30 - 34,Estimate - de jure,1998,195368.0,148.0
Bulgaria,1997,Urban,Female,35 - 39,Estimate - de jure,1998,214849.0,271.0
Bulgaria,1997,Urban,Female,40 - 44,Estimate - de jure,1998,228405.0,461.0
Bulgaria,1997,Urban,Female,45 - 49,Estimate - de jure,1998,234941.0,780.0
Bulgaria,1997,Urban,Female,5 - 9,Estimate - de jure,1998,163152.0,30.0
Bulgaria,1997,Urban,Female,50 - 54,Estimate - de jure,1998,194543.0,899.0
Bulgaria,1997,Urban,Female,55 - 59,Estimate - de jure,1998,155062.0,1199.0
Bulgaria,1997,Urban,Female,60 - 64,Estimate - de jure,1998,155573.0,2033.0
Bulgaria,1997,Urban,Female,65 - 69,Estimate - de jure,1998,140441.0,3053.0
Bulgaria,1997,Urban,Female,70 - 74,Estimate - de jure,1998,117845.0,4709.0
Bulgaria,1997,Urban,Female,75 - 79,Estimate - de jure,1998,66122.0,4888.0
Bulgaria,1997,Urban,Female,80 +,Estimate - de jure,1998,43903.0,10683.0
Bulgaria,1997,Urban,Male,0,Estimate - de jure,1998,24625.0,413.0
Bulgaria,1997,Urban,Male,1 - 4,Estimate - de jure,1998,109593.0,104.0
Bulgaria,1997,Urban,Male,10 - 14,Estimate - de jure,1998,197111.0,71.0
Bulgaria,1997,Urban,Male,15 - 19,Estimate - de jure,1998,222445.0,179.0
Bulgaria,1997,Urban,Male,20 - 24,Estimate - de jure,1998,238338.0,275.0
Bulgaria,1997,Urban,Male,25 - 29,Estimate - de jure,1998,212745.0,266.0
Bulgaria,1997,Urban,Male,30 - 34,Estimate - de jure,1998,189611.0,342.0
Bulgaria,1997,Urban,Male,35 - 39,Estimate - de jure,1998,203093.0,571.0
Bulgaria,1997,Urban,Male,40 - 44,Estimate - de jure,1998,212750.0,1054.0
Bulgaria,1997,Urban,Male,45 - 49,Estimate - de jure,1998,219393.0,1758.0
Bulgaria,1997,Urban,Male,5 - 9,Estimate - de jure,1998,171337.0,64.0
Bulgaria,1997,Urban,Male,50 - 54,Estimate - de jure,1998,181566.0,2274.0
Bulgaria,1997,Urban,Male,55 - 59,Estimate - de jure,1998,142239.0,2718.0
Bulgaria,1997,Urban,Male,60 - 64,Estimate - de jure,1998,134778.0,3875.0
Bulgaria,1997,Urban,Male,65 - 69,Estimate - de jure,1998,116500.0,4814.0
Bulgaria,1997,Urban,Male,70 - 74,Estimate - de jure,1998,89102.0,5869.0
Bulgaria,1997,Urban,Male,75 - 79,Estimate - de jure,1998,45682.0,4539.0
Bulgaria,1997,Urban,Male,80 +,Estimate - de jure,1998,23518.0,7065.0
Bulgaria,2000,Rural,Female,0,Estimate - de jure,2001,9890.0,138.0
Bulgaria,2000,Rural,Female,1 - 4,Estimate - de jure,2001,38061.0,35.0
Bulgaria,2000,Rural,Female,10 - 14,Estimate - de jure,2001,76319.0,14.0
Bulgaria,2000,Rural,Female,15 - 19,Estimate - de jure,2001,75079.0,41.0
Bulgaria,2000,Rural,Female,20 - 24,Estimate - de jure,2001,69297.0,54.0
Bulgaria,2000,Rural,Female,25 - 29,Estimate - de jure,2001,71983.0,47.0
Bulgaria,2000,Rural,Female,30 - 34,Estimate - de jure,2001,71545.0,62.0
Bulgaria,2000,Rural,Female,35 - 39,Estimate - de jure,2001,68039.0,92.0
Bulgaria,2000,Rural,Female,40 - 44,Estimate - de jure,2001,67751.0,142.0
Bulgaria,2000,Rural,Female,45 - 49,Estimate - de jure,2001,71195.0,234.0
Bulgaria,2000,Rural,Female,5 - 9,Estimate - de jure,2001,65548.0,27.0
Bulgaria,2000,Rural,Female,50 - 54,Estimate - de jure,2001,82286.0,422.0
Bulgaria,2000,Rural,Female,55 - 59,Estimate - de jure,2001,85208.0,662.0
Bulgaria,2000,Rural,Female,60 - 64,Estimate - de jure,2001,94758.0,1144.0
Bulgaria,2000,Rural,Female,65 - 69,Estimate - de jure,2001,109566.0,2229.0
Bulgaria,2000,Rural,Female,70 - 74,Estimate - de jure,2001,101670.0,3636.0
Bulgaria,2000,Rural,Female,75 - 79,Estimate - de jure,2001,86031.0,5501.0
Bulgaria,2000,Rural,Female,80 +,Estimate - de jure,2002,69569.0,9499.0
Bulgaria,2000,Rural,Male,0,Estimate - de jure,2001,10320.0,186.0
Bulgaria,2000,Rural,Male,1 - 4,Estimate - de jure,2001,39981.0,40.0
Bulgaria,2000,Rural,Male,10 - 14,Estimate - de jure,2001,80838.0,30.0
Bulgaria,2000,Rural,Male,15 - 19,Estimate - de jure,2001,82114.0,69.0
Bulgaria,2000,Rural,Male,20 - 24,Estimate - de jure,2001,79695.0,91.0
Bulgaria,2000,Rural,Male,25 - 29,Estimate - de jure,2001,82527.0,124.0
Bulgaria,2000,Rural,Male,30 - 34,Estimate - de jure,2001,81016.0,161.0
Bulgaria,2000,Rural,Male,35 - 39,Estimate - de jure,2001,79298.0,276.0
Bulgaria,2000,Rural,Male,40 - 44,Estimate - de jure,2001,77482.0,447.0
Bulgaria,2000,Rural,Male,45 - 49,Estimate - de jure,2001,76544.0,711.0
Bulgaria,2000,Rural,Male,5 - 9,Estimate - de jure,2001,69210.0,27.0
Bulgaria,2000,Rural,Male,50 - 54,Estimate - de jure,2001,81775.0,1145.0
Bulgaria,2000,Rural,Male,55 - 59,Estimate - de jure,2001,77052.0,1536.0
Bulgaria,2000,Rural,Male,60 - 64,Estimate - de jure,2001,81443.0,2276.0
Bulgaria,2000,Rural,Male,65 - 69,Estimate - de jure,2001,93015.0,3525.0
Bulgaria,2000,Rural,Male,70 - 74,Estimate - de jure,2001,78710.0,4527.0
Bulgaria,2000,Rural,Male,75 - 79,Estimate - de jure,2001,59407.0,5212.0
Bulgaria,2000,Rural,Male,80 +,Estimate - de jure,2002,48734.0,6541.0
Bulgaria,2000,Urban,Female,0,Estimate - de jure,2001,24766.0,293.0
Bulgaria,2000,Urban,Female,1 - 4,Estimate - de jure,2001,93093.0,47.0
Bulgaria,2000,Urban,Female,10 - 14,Estimate - de jure,2001,178354.0,33.0
Bulgaria,2000,Urban,Female,15 - 19,Estimate - de jure,2001,196633.0,76.0
Bulgaria,2000,Urban,Female,20 - 24,Estimate - de jure,2001,234484.0,98.0
Bulgaria,2000,Urban,Female,25 - 29,Estimate - de jure,2001,224133.0,100.0
Bulgaria,2000,Urban,Female,30 - 34,Estimate - de jure,2001,202875.0,176.0
Bulgaria,2000,Urban,Female,35 - 39,Estimate - de jure,2001,205504.0,251.0
Bulgaria,2000,Urban,Female,40 - 44,Estimate - de jure,2001,219067.0,427.0
Bulgaria,2000,Urban,Female,45 - 49,Estimate - de jure,2001,227330.0,636.0
Bulgaria,2000,Urban,Female,5 - 9,Estimate - de jure,2001,139515.0,25.0
Bulgaria,2000,Urban,Female,50 - 54,Estimate - de jure,2001,224317.0,975.0
Bulgaria,2000,Urban,Female,55 - 59,Estimate - de jure,2001,166176.0,1201.0
Bulgaria,2000,Urban,Female,60 - 64,Estimate - de jure,2001,146479.0,1802.0
Bulgaria,2000,Urban,Female,65 - 69,Estimate - de jure,2001,145971.0,2959.0
Bulgaria,2000,Urban,Female,70 - 74,Estimate - de jure,2001,121858.0,4700.0
Bulgaria,2000,Urban,Female,75 - 79,Estimate - de jure,2001,86603.0,6099.0
Bulgaria,2000,Urban,Female,80 +,Estimate - de jure,2002,39927.0,9690.0
Bulgaria,2000,Urban,Male,0,Estimate - de jure,2001,26049.0,364.0
Bulgaria,2000,Urban,Male,1 - 4,Estimate - de jure,2001,98917.0,58.0
Bulgaria,2000,Urban,Male,10 - 14,Estimate - de jure,2001,186064.0,57.0
Bulgaria,2000,Urban,Male,15 - 19,Estimate - de jure,2001,205140.0,157.0
Bulgaria,2000,Urban,Male,20 - 24,Estimate - de jure,2001,238995.0,252.0
Bulgaria,2000,Urban,Male,25 - 29,Estimate - de jure,2001,223284.0,238.0
Bulgaria,2000,Urban,Male,30 - 34,Estimate - de jure,2001,200878.0,350.0
Bulgaria,2000,Urban,Male,35 - 39,Estimate - de jure,2001,195680.0,464.0
Bulgaria,2000,Urban,Male,40 - 44,Estimate - de jure,2001,203639.0,851.0
Bulgaria,2000,Urban,Male,45 - 49,Estimate - de jure,2001,208780.0,1528.0
Bulgaria,2000,Urban,Male,5 - 9,Estimate - de jure,2001,146795.0,59.0
Bulgaria,2000,Urban,Male,50 - 54,Estimate - de jure,2001,204196.0,2329.0
Bulgaria,2000,Urban,Male,55 - 59,Estimate - de jure,2001,149502.0,2571.0
Bulgaria,2000,Urban,Male,60 - 64,Estimate - de jure,2001,125288.0,3168.0
Bulgaria,2000,Urban,Male,65 - 69,Estimate - de jure,2001,116761.0,4655.0
Bulgaria,2000,Urban,Male,70 - 74,Estimate - de jure,2001,91921.0,5523.0
Bulgaria,2000,Urban,Male,75 - 79,Estimate - de jure,2001,57880.0,5580.0
Bulgaria,2000,Urban,Male,80 +,Estimate - de jure,2002,20362.0,6392.0
Bulgaria,2002,Rural,Female,0,Estimate - de jure,2003,9026.0,140.0
Bulgaria,2002,Rural,Female,1 - 4,Estimate - de jure,2003,37903.0,36.0
Bulgaria,2002,Rural,Female,10 - 14,Estimate - de jure,2003,66773.0,16.0
Bulgaria,2002,Rural,Female,15 - 19,Estimate - de jure,2003,60793.0,18.0
Bulgaria,2002,Rural,Female,20 - 24,Estimate - de jure,2003,61496.0,33.0
Bulgaria,2002,Rural,Female,25 - 29,Estimate - de jure,2003,65859.0,34.0
Bulgaria,2002,Rural,Female,30 - 34,Estimate - de jure,2003,65180.0,55.0
Bulgaria,2002,Rural,Female,35 - 39,Estimate - de jure,2003,60825.0,90.0
Bulgaria,2002,Rural,Female,40 - 44,Estimate - de jure,2003,63179.0,117.0
Bulgaria,2002,Rural,Female,45 - 49,Estimate - de jure,2003,67751.0,211.0
Bulgaria,2002,Rural,Female,5 - 9,Estimate - de jure,2003,53961.0,14.0
Bulgaria,2002,Rural,Female,50 - 54,Estimate - de jure,2003,79025.0,366.0
Bulgaria,2002,Rural,Female,55 - 59,Estimate - de jure,2003,87582.0,639.0
Bulgaria,2002,Rural,Female,60 - 64,Estimate - de jure,2003,93537.0,1033.0
Bulgaria,2002,Rural,Female,65 - 69,Estimate - de jure,2003,106401.0,1991.0
Bulgaria,2002,Rural,Female,70 - 74,Estimate - de jure,2003,95109.0,3311.0
Bulgaria,2002,Rural,Female,75 - 79,Estimate - de jure,2003,80561.0,5351.0
Bulgaria,2002,Rural,Female,80 +,Estimate - de jure,2003,61565.0,9716.0
Bulgaria,2002,Rural,Male,0,Estimate - de jure,2003,9648.0,176.0
Bulgaria,2002,Rural,Male,1 - 4,Estimate - de jure,2003,40016.0,43.0
Bulgaria,2002,Rural,Male,10 - 14,Estimate - de jure,2003,71797.0,25.0
Bulgaria,2002,Rural,Male,15 - 19,Estimate - de jure,2003,66225.0,52.0
Bulgaria,2002,Rural,Male,20 - 24,Estimate - de jure,2003,72410.0,84.0
Bulgaria,2002,Rural,Male,25 - 29,Estimate - de jure,2003,73148.0,113.0
Bulgaria,2002,Rural,Male,30 - 34,Estimate - de jure,2003,75075.0,153.0
Bulgaria,2002,Rural,Male,35 - 39,Estimate - de jure,2003,70712.0,245.0
Bulgaria,2002,Rural,Male,40 - 44,Estimate - de jure,2003,73532.0,433.0
Bulgaria,2002,Rural,Male,45 - 49,Estimate - de jure,2003,74945.0,679.0
Bulgaria,2002,Rural,Male,5 - 9,Estimate - de jure,2003,56850.0,30.0
Bulgaria,2002,Rural,Male,50 - 54,Estimate - de jure,2003,80019.0,1140.0
Bulgaria,2002,Rural,Male,55 - 59,Estimate - de jure,2003,78678.0,1468.0
Bulgaria,2002,Rural,Male,60 - 64,Estimate - de jure,2003,79667.0,2031.0
Bulgaria,2002,Rural,Male,65 - 69,Estimate - de jure,2003,90957.0,3213.0
Bulgaria,2002,Rural,Male,70 - 74,Estimate - de jure,2003,75686.0,4112.0
Bulgaria,2002,Rural,Male,75 - 79,Estimate - de jure,2003,56723.0,4967.0
Bulgaria,2002,Rural,Male,80 +,Estimate - de jure,2003,38509.0,6717.0
Bulgaria,2002,Urban,Female,0,Estimate - de jure,2003,22762.0,252.0
Bulgaria,2002,Urban,Female,1 - 4,Estimate - de jure,2003,88008.0,38.0
Bulgaria,2002,Urban,Female,10 - 14,Estimate - de jure,2003,168071.0,25.0
Bulgaria,2002,Urban,Female,15 - 19,Estimate - de jure,2003,198339.0,55.0
Bulgaria,2002,Urban,Female,20 - 24,Estimate - de jure,2003,212958.0,94.0
Bulgaria,2002,Urban,Female,25 - 29,Estimate - de jure,2003,219663.0,93.0
Bulgaria,2002,Urban,Female,30 - 34,Estimate - de jure,2003,207243.0,158.0
Bulgaria,2002,Urban,Female,35 - 39,Estimate - de jure,2003,193305.0,239.0
Bulgaria,2002,Urban,Female,40 - 44,Estimate - de jure,2003,208859.0,379.0
Bulgaria,2002,Urban,Female,45 - 49,Estimate - de jure,2003,217510.0,634.0
Bulgaria,2002,Urban,Female,5 - 9,Estimate - de jure,2003,119219.0,29.0
Bulgaria,2002,Urban,Female,50 - 54,Estimate - de jure,2003,219910.0,1033.0
Bulgaria,2002,Urban,Female,55 - 59,Estimate - de jure,2003,178777.0,1217.0
Bulgaria,2002,Urban,Female,60 - 64,Estimate - de jure,2003,139516.0,1584.0
Bulgaria,2002,Urban,Female,65 - 69,Estimate - de jure,2003,140779.0,2807.0
Bulgaria,2002,Urban,Female,70 - 74,Estimate - de jure,2003,122691.0,4239.0
Bulgaria,2002,Urban,Female,75 - 79,Estimate - de jure,2003,95772.0,6237.0
Bulgaria,2002,Urban,Female,80 +,Estimate - de jure,2003,70110.0,10391.0
Bulgaria,2002,Urban,Male,0,Estimate - de jure,2003,24297.0,319.0
Bulgaria,2002,Urban,Male,1 - 4,Estimate - de jure,2003,92830.0,57.0
Bulgaria,2002,Urban,Male,10 - 14,Estimate - de jure,2003,175836.0,54.0
Bulgaria,2002,Urban,Male,15 - 19,Estimate - de jure,2003,206597.0,119.0
Bulgaria,2002,Urban,Male,20 - 24,Estimate - de jure,2003,217166.0,217.0
Bulgaria,2002,Urban,Male,25 - 29,Estimate - de jure,2003,224440.0,252.0
Bulgaria,2002,Urban,Male,30 - 34,Estimate - de jure,2003,206571.0,314.0
Bulgaria,2002,Urban,Male,35 - 39,Estimate - de jure,2003,187251.0,422.0
Bulgaria,2002,Urban,Male,40 - 44,Estimate - de jure,2003,197887.0,806.0
Bulgaria,2002,Urban,Male,45 - 49,Estimate - de jure,2003,202260.0,1381.0
Bulgaria,2002,Urban,Male,5 - 9,Estimate - de jure,2003,125495.0,26.0
Bulgaria,2002,Urban,Male,50 - 54,Estimate - de jure,2003,201235.0,2312.0
Bulgaria,2002,Urban,Male,55 - 59,Estimate - de jure,2003,161820.0,2787.0
Bulgaria,2002,Urban,Male,60 - 64,Estimate - de jure,2003,119302.0,3172.0
Bulgaria,2002,Urban,Male,65 - 69,Estimate - de jure,2003,108861.0,4208.0
Bulgaria,2002,Urban,Male,70 - 74,Estimate - de jure,2003,89109.0,5187.0
Bulgaria,2002,Urban,Male,75 - 79,Estimate - de jure,2003,62971.0,5623.0
Bulgaria,2002,Urban,Male,80 +,Estimate - de jure,2003,40357.0,7005.0
Bulgaria,2003,Rural,Female,0,Estimate - de jure,2004,8875.0,127.0
Bulgaria,2003,Rural,Female,1 - 4,Estimate - de jure,2004,38001.0,37.0
Bulgaria,2003,Rural,Female,10 - 14,Estimate - de jure,2004,64418.0,26.0
Bulgaria,2003,Rural,Female,15 - 19,Estimate - de jure,2004,61613.0,21.0
Bulgaria,2003,Rural,Female,20 - 24,Estimate - de jure,2004,59747.0,40.0
Bulgaria,2003,Rural,Female,25 - 29,Estimate - de jure,2004,65269.5,43.0
Bulgaria,2003,Rural,Female,30 - 34,Estimate - de jure,2004,64779.5,53.0
Bulgaria,2003,Rural,Female,35 - 39,Estimate - de jure,2004,60583.5,80.0
Bulgaria,2003,Rural,Female,40 - 44,Estimate - de jure,2004,62505.5,145.0
Bulgaria,2003,Rural,Female,45 - 49,Estimate - de jure,2004,66523.5,203.0
Bulgaria,2003,Rural,Female,5 - 9,Estimate - de jure,2004,50306.5,9.0
Bulgaria,2003,Rural,Female,50 - 54,Estimate - de jure,2004,76780.5,370.0
Bulgaria,2003,Rural,Female,55 - 59,Estimate - de jure,2004,85931.5,570.0
Bulgaria,2003,Rural,Female,60 - 64,Estimate - de jure,2004,91967.5,988.0
Bulgaria,2003,Rural,Female,65 - 69,Estimate - de jure,2004,101584.5,1889.0
Bulgaria,2003,Rural,Female,70 - 74,Estimate - de jure,2004,95425.0,3192.0
Bulgaria,2003,Rural,Female,75 - 79,Estimate - de jure,2004,79235.5,4928.0
Bulgaria,2003,Rural,Female,80 +,Estimate - de jure,2004,64074.0,9422.0
Bulgaria,2003,Rural,Male,0,Estimate - de jure,2004,9366.5,182.0
Bulgaria,2003,Rural,Male,1 - 4,Estimate - de jure,2004,40151.0,35.0
Bulgaria,2003,Rural,Male,10 - 14,Estimate - de jure,2004,69320.0,36.0
Bulgaria,2003,Rural,Male,15 - 19,Estimate - de jure,2004,66805.5,46.0
Bulgaria,2003,Rural,Male,20 - 24,Estimate - de jure,2004,70349.5,90.0
Bulgaria,2003,Rural,Male,25 - 29,Estimate - de jure,2004,72486.0,109.0
Bulgaria,2003,Rural,Male,30 - 34,Estimate - de jure,2004,74272.5,139.0
Bulgaria,2003,Rural,Male,35 - 39,Estimate - de jure,2004,70049.5,200.0
Bulgaria,2003,Rural,Male,40 - 44,Estimate - de jure,2004,72927.5,376.0
Bulgaria,2003,Rural,Male,45 - 49,Estimate - de jure,2004,74379.5,607.0
Bulgaria,2003,Rural,Male,5 - 9,Estimate - de jure,2004,52945.5,19.0
Bulgaria,2003,Rural,Male,50 - 54,Estimate - de jure,2004,78457.5,1063.0
Bulgaria,2003,Rural,Male,55 - 59,Estimate - de jure,2004,78734.5,1602.0
Bulgaria,2003,Rural,Male,60 - 64,Estimate - de jure,2004,77704.0,2058.0
Bulgaria,2003,Rural,Male,65 - 69,Estimate - de jure,2004,85845.5,3257.0
Bulgaria,2003,Rural,Male,70 - 74,Estimate - de jure,2004,76861.0,4060.0
Bulgaria,2003,Rural,Male,75 - 79,Estimate - de jure,2004,55964.5,4784.0
Bulgaria,2003,Rural,Male,80 +,Estimate - de jure,2004,39973.0,6626.0
Bulgaria,2003,Urban,Female,0,Estimate - de jure,2004,22625.0,216.0
Bulgaria,2003,Urban,Female,1 - 4,Estimate - de jure,2004,91016.0,38.0
Bulgaria,2003,Urban,Female,10 - 14,Estimate - de jure,2004,159008.0,29.0
Bulgaria,2003,Urban,Female,15 - 19,Estimate - de jure,2004,195420.0,58.0
Bulgaria,2003,Urban,Female,20 - 24,Estimate - de jure,2004,210425.0,71.0
Bulgaria,2003,Urban,Female,25 - 29,Estimate - de jure,2004,222821.0,117.0
Bulgaria,2003,Urban,Female,30 - 34,Estimate - de jure,2004,208729.0,151.0
Bulgaria,2003,Urban,Female,35 - 39,Estimate - de jure,2004,193035.0,217.0
Bulgaria,2003,Urban,Female,40 - 44,Estimate - de jure,2004,206848.0,367.0
Bulgaria,2003,Urban,Female,45 - 49,Estimate - de jure,2004,215705.0,615.0
Bulgaria,2003,Urban,Female,5 - 9,Estimate - de jure,2004,112807.0,16.0
Bulgaria,2003,Urban,Female,50 - 54,Estimate - de jure,2004,219428.0,953.0
Bulgaria,2003,Urban,Female,55 - 59,Estimate - de jure,2004,188051.0,1266.0
Bulgaria,2003,Urban,Female,60 - 64,Estimate - de jure,2004,141884.0,1580.0
Bulgaria,2003,Urban,Female,65 - 69,Estimate - de jure,2004,137378.5,2669.0
Bulgaria,2003,Urban,Female,70 - 74,Estimate - de jure,2004,124603.0,4167.0
Bulgaria,2003,Urban,Female,75 - 79,Estimate - de jure,2004,97115.5,6140.0
Bulgaria,2003,Urban,Female,80 +,Estimate - de jure,2004,75536.5,11122.0
Bulgaria,2003,Urban,Male,0,Estimate - de jure,2004,24236.5,306.0
Bulgaria,2003,Urban,Male,1 - 4,Estimate - de jure,2004,96119.0,48.0
Bulgaria,2003,Urban,Male,10 - 14,Estimate - de jure,2004,166593.0,53.0
Bulgaria,2003,Urban,Male,15 - 19,Estimate - de jure,2004,203539.5,135.0
Bulgaria,2003,Urban,Male,20 - 24,Estimate - de jure,2004,214990.0,242.0
Bulgaria,2003,Urban,Male,25 - 29,Estimate - de jure,2004,228183.0,297.0
Bulgaria,2003,Urban,Male,30 - 34,Estimate - de jure,2004,209011.5,299.0
Bulgaria,2003,Urban,Male,35 - 39,Estimate - de jure,2004,187918.5,430.0
Bulgaria,2003,Urban,Male,40 - 44,Estimate - de jure,2004,196469.5,729.0
Bulgaria,2003,Urban,Male,45 - 49,Estimate - de jure,2004,199941.0,1330.0
Bulgaria,2003,Urban,Male,5 - 9,Estimate - de jure,2004,118811.5,35.0
Bulgaria,2003,Urban,Male,50 - 54,Estimate - de jure,2004,200150.0,2349.0
Bulgaria,2003,Urban,Male,55 - 59,Estimate - de jure,2004,168343.5,2876.0
Bulgaria,2003,Urban,Male,60 - 64,Estimate - de jure,2004,121182.5,3157.0
Bulgaria,2003,Urban,Male,65 - 69,Estimate - de jure,2004,105974.5,4184.0
Bulgaria,2003,Urban,Male,70 - 74,Estimate - de jure,2004,89017.0,5141.0
Bulgaria,2003,Urban,Male,75 - 79,Estimate - de jure,2004,63663.5,5827.0
Bulgaria,2003,Urban,Male,80 +,Estimate - de jure,2004,42764.0,7265.0
Bulgaria,2005,Rural,Female,0,Estimate - de jure,2006,8854.0,117.0
Bulgaria,2005,Rural,Female,1 - 4,Estimate - de jure,2006,36655.0,23.0
Bulgaria,2005,Rural,Female,10 - 14,Estimate - de jure,2006,59128.0,16.0
Bulgaria,2005,Rural,Female,15 - 19,Estimate - de jure,2006,64697.0,24.0
Bulgaria,2005,Rural,Female,20 - 24,Estimate - de jure,2006,55773.0,30.0
Bulgaria,2005,Rural,Female,25 - 29,Estimate - de jure,2006,62413.0,45.0
Bulgaria,2005,Rural,Female,30 - 34,Estimate - de jure,2006,63951.0,48.0
Bulgaria,2005,Rural,Female,35 - 39,Estimate - de jure,2006,62427.0,90.0
Bulgaria,2005,Rural,Female,40 - 44,Estimate - de jure,2006,62390.0,143.0
Bulgaria,2005,Rural,Female,45 - 49,Estimate - de jure,2006,64977.0,229.0
Bulgaria,2005,Rural,Female,5 - 9,Estimate - de jure,2006,47210.0,17.0
Bulgaria,2005,Rural,Female,50 - 54,Estimate - de jure,2006,71124.0,352.0
Bulgaria,2005,Rural,Female,55 - 59,Estimate - de jure,2006,85439.0,589.0
Bulgaria,2005,Rural,Female,60 - 64,Estimate - de jure,2006,90324.0,938.0
Bulgaria,2005,Rural,Female,65 - 69,Estimate - de jure,2006,93251.0,1665.0
Bulgaria,2005,Rural,Female,70 - 74,Estimate - de jure,2006,97418.0,3210.0
Bulgaria,2005,Rural,Female,75 - 79,Estimate - de jure,2006,76432.0,4747.0
Bulgaria,2005,Rural,Female,80 +,Estimate - de jure,2006,70653.0,10185.0
Bulgaria,2005,Rural,Male,0,Estimate - de jure,2006,9539.0,158.0
Bulgaria,2005,Rural,Male,1 - 4,Estimate - de jure,2006,38732.0,32.0
Bulgaria,2005,Rural,Male,10 - 14,Estimate - de jure,2006,63090.0,27.0
Bulgaria,2005,Rural,Male,15 - 19,Estimate - de jure,2006,70144.0,47.0
Bulgaria,2005,Rural,Male,20 - 24,Estimate - de jure,2006,64552.0,86.0
Bulgaria,2005,Rural,Male,25 - 29,Estimate - de jure,2006,71011.0,86.0
Bulgaria,2005,Rural,Male,30 - 34,Estimate - de jure,2006,72018.0,116.0
Bulgaria,2005,Rural,Male,35 - 39,Estimate - de jure,2006,71997.0,221.0
Bulgaria,2005,Rural,Male,40 - 44,Estimate - de jure,2006,72219.0,364.0
Bulgaria,2005,Rural,Male,45 - 49,Estimate - de jure,2006,73438.0,647.0
Bulgaria,2005,Rural,Male,5 - 9,Estimate - de jure,2006,50056.0,21.0
Bulgaria,2005,Rural,Male,50 - 54,Estimate - de jure,2006,74743.0,1107.0
Bulgaria,2005,Rural,Male,55 - 59,Estimate - de jure,2006,81440.0,1676.0
Bulgaria,2005,Rural,Male,60 - 64,Estimate - de jure,2006,75325.0,2147.0
Bulgaria,2005,Rural,Male,65 - 69,Estimate - de jure,2006,76608.0,2840.0
Bulgaria,2005,Rural,Male,70 - 74,Estimate - de jure,2006,78398.0,4275.0
Bulgaria,2005,Rural,Male,75 - 79,Estimate - de jure,2006,54863.0,4591.0
Bulgaria,2005,Rural,Male,80 +,Estimate - de jure,2006,43950.0,7156.0
Bulgaria,2005,Urban,Female,0,Estimate - de jure,2006,24164.0,193.0
Bulgaria,2005,Urban,Female,1 - 4,Estimate - de jure,2006,93299.0,35.0
Bulgaria,2005,Urban,Female,10 - 14,Estimate - de jure,2006,137326.0,33.0
Bulgaria,2005,Urban,Female,15 - 19,Estimate - de jure,2006,186780.0,67.0
Bulgaria,2005,Urban,Female,20 - 24,Estimate - de jure,2006,206643.0,76.0
Bulgaria,2005,Urban,Female,25 - 29,Estimate - de jure,2006,220174.0,104.0
Bulgaria,2005,Urban,Female,30 - 34,Estimate - de jure,2006,212988.0,138.0
Bulgaria,2005,Urban,Female,35 - 39,Estimate - de jure,2006,200091.0,218.0
Bulgaria,2005,Urban,Female,40 - 44,Estimate - de jure,2006,200841.0,335.0
Bulgaria,2005,Urban,Female,45 - 49,Estimate - de jure,2006,210366.0,657.0
Bulgaria,2005,Urban,Female,5 - 9,Estimate - de jure,2006,108853.0,24.0
Bulgaria,2005,Urban,Female,50 - 54,Estimate - de jure,2006,213185.0,915.0
Bulgaria,2005,Urban,Female,55 - 59,Estimate - de jure,2006,207348.0,1363.0
Bulgaria,2005,Urban,Female,60 - 64,Estimate - de jure,2006,149018.0,1669.0
Bulgaria,2005,Urban,Female,65 - 69,Estimate - de jure,2006,129572.0,2376.0
Bulgaria,2005,Urban,Female,70 - 74,Estimate - de jure,2006,126067.0,4201.0
Bulgaria,2005,Urban,Female,75 - 79,Estimate - de jure,2006,98392.0,6069.0
Bulgaria,2005,Urban,Female,80 +,Estimate - de jure,2006,86208.0,11672.0
Bulgaria,2005,Urban,Male,0,Estimate - de jure,2006,25337.0,271.0
Bulgaria,2005,Urban,Male,1 - 4,Estimate - de jure,2006,99269.0,59.0
Bulgaria,2005,Urban,Male,10 - 14,Estimate - de jure,2006,143991.0,48.0
Bulgaria,2005,Urban,Male,15 - 19,Estimate - de jure,2006,193660.0,88.0
Bulgaria,2005,Urban,Male,20 - 24,Estimate - de jure,2006,212458.0,204.0
Bulgaria,2005,Urban,Male,25 - 29,Estimate - de jure,2006,225635.0,268.0
Bulgaria,2005,Urban,Male,30 - 34,Estimate - de jure,2006,214909.0,328.0
Bulgaria,2005,Urban,Male,35 - 39,Estimate - de jure,2006,196537.0,438.0
Bulgaria,2005,Urban,Male,40 - 44,Estimate - de jure,2006,191700.0,775.0
Bulgaria,2005,Urban,Male,45 - 49,Estimate - de jure,2006,195266.0,1340.0
Bulgaria,2005,Urban,Male,5 - 9,Estimate - de jure,2006,114627.0,31.0
Bulgaria,2005,Urban,Male,50 - 54,Estimate - de jure,2006,192942.0,2206.0
Bulgaria,2005,Urban,Male,55 - 59,Estimate - de jure,2006,182094.0,3308.0
Bulgaria,2005,Urban,Male,60 - 64,Estimate - de jure,2006,127085.0,3271.0
Bulgaria,2005,Urban,Male,65 - 69,Estimate - de jure,2006,99662.0,3961.0
Bulgaria,2005,Urban,Male,70 - 74,Estimate - de jure,2006,87174.0,5069.0
Bulgaria,2005,Urban,Male,75 - 79,Estimate - de jure,2006,63431.0,5611.0
Bulgaria,2005,Urban,Male,80 +,Estimate - de jure,2006,47569.0,7888.0
Bulgaria,2006,Rural,Female,0,Estimate - de jure,2007,8654.0,124.0
Bulgaria,2006,Rural,Female,1 - 4,Estimate - de jure,2007,35914.0,22.0
Bulgaria,2006,Rural,Female,10 - 14,Estimate - de jure,2007,55734.0,10.0
Bulgaria,2006,Rural,Female,15 - 19,Estimate - de jure,2007,64599.0,36.0
Bulgaria,2006,Rural,Female,20 - 24,Estimate - de jure,2007,54463.0,30.0
Bulgaria,2006,Rural,Female,25 - 29,Estimate - de jure,2007,60122.0,24.0
Bulgaria,2006,Rural,Female,30 - 34,Estimate - de jure,2007,63354.0,53.0
Bulgaria,2006,Rural,Female,35 - 39,Estimate - de jure,2007,62775.0,81.0
Bulgaria,2006,Rural,Female,40 - 44,Estimate - de jure,2007,60895.0,142.0
Bulgaria,2006,Rural,Female,45 - 49,Estimate - de jure,2007,63531.0,233.0
Bulgaria,2006,Rural,Female,5 - 9,Estimate - de jure,2007,46404.0,12.0
Bulgaria,2006,Rural,Female,50 - 54,Estimate - de jure,2007,68963.0,361.0
Bulgaria,2006,Rural,Female,55 - 59,Estimate - de jure,2007,82515.0,595.0
Bulgaria,2006,Rural,Female,60 - 64,Estimate - de jure,2007,89022.0,972.0
Bulgaria,2006,Rural,Female,65 - 69,Estimate - de jure,2007,90754.0,1572.0
Bulgaria,2006,Rural,Female,70 - 74,Estimate - de jure,2007,96153.0,3165.0
Bulgaria,2006,Rural,Female,75 - 79,Estimate - de jure,2007,74565.0,4575.0
Bulgaria,2006,Rural,Female,80 +,Estimate - de jure,2007,73115.0,10094.0
Bulgaria,2006,Rural,Male,0,Estimate - de jure,2007,9259.0,124.0
Bulgaria,2006,Rural,Male,1 - 4,Estimate - de jure,2007,38132.0,29.0
Bulgaria,2006,Rural,Male,10 - 14,Estimate - de jure,2007,58957.0,30.0
Bulgaria,2006,Rural,Male,15 - 19,Estimate - de jure,2007,70303.0,55.0
Bulgaria,2006,Rural,Male,20 - 24,Estimate - de jure,2007,62018.0,76.0
Bulgaria,2006,Rural,Male,25 - 29,Estimate - de jure,2007,69480.0,83.0
Bulgaria,2006,Rural,Male,30 - 34,Estimate - de jure,2007,70687.0,132.0
Bulgaria,2006,Rural,Male,35 - 39,Estimate - de jure,2007,72256.0,227.0
Bulgaria,2006,Rural,Male,40 - 44,Estimate - de jure,2007,70352.0,352.0
Bulgaria,2006,Rural,Male,45 - 49,Estimate - de jure,2007,72371.0,658.0
Bulgaria,2006,Rural,Male,5 - 9,Estimate - de jure,2007,49225.0,27.0
Bulgaria,2006,Rural,Male,50 - 54,Estimate - de jure,2007,73259.0,1065.0
Bulgaria,2006,Rural,Male,55 - 59,Estimate - de jure,2007,79433.0,1745.0
Bulgaria,2006,Rural,Male,60 - 64,Estimate - de jure,2007,74222.0,2110.0
Bulgaria,2006,Rural,Male,65 - 69,Estimate - de jure,2007,73399.0,2621.0
Bulgaria,2006,Rural,Male,70 - 74,Estimate - de jure,2007,76472.0,4108.0
Bulgaria,2006,Rural,Male,75 - 79,Estimate - de jure,2007,53923.0,4400.0
Bulgaria,2006,Rural,Male,80 +,Estimate - de jure,2007,45352.0,7143.0
Bulgaria,2006,Urban,Female,0,Estimate - de jure,2007,25091.0,225.0
Bulgaria,2006,Urban,Female,1 - 4,Estimate - de jure,2007,95580.0,34.0
Bulgaria,2006,Urban,Female,10 - 14,Estimate - de jure,2007,128308.0,31.0
Bulgaria,2006,Urban,Female,15 - 19,Estimate - de jure,2007,179925.0,43.0
Bulgaria,2006,Urban,Female,20 - 24,Estimate - de jure,2007,205974.0,72.0
Bulgaria,2006,Urban,Female,25 - 29,Estimate - de jure,2007,218201.0,90.0
Bulgaria,2006,Urban,Female,30 - 34,Estimate - de jure,2007,216866.0,143.0
Bulgaria,2006,Urban,Female,35 - 39,Estimate - de jure,2007,204670.0,231.0
Bulgaria,2006,Urban,Female,40 - 44,Estimate - de jure,2007,196570.0,368.0
Bulgaria,2006,Urban,Female,45 - 49,Estimate - de jure,2007,208129.0,571.0
Bulgaria,2006,Urban,Female,5 - 9,Estimate - de jure,2007,109794.0,40.0
Bulgaria,2006,Urban,Female,50 - 54,Estimate - de jure,2007,212180.0,972.0
Bulgaria,2006,Urban,Female,55 - 59,Estimate - de jure,2007,211662.0,1408.0
Bulgaria,2006,Urban,Female,60 - 64,Estimate - de jure,2007,157842.0,1626.0
Bulgaria,2006,Urban,Female,65 - 69,Estimate - de jure,2007,128429.0,2345.0
Bulgaria,2006,Urban,Female,70 - 74,Estimate - de jure,2007,125585.0,3986.0
Bulgaria,2006,Urban,Female,75 - 79,Estimate - de jure,2007,98832.0,5940.0
Bulgaria,2006,Urban,Female,80 +,Estimate - de jure,2007,91720.0,12709.0
Bulgaria,2006,Urban,Male,0,Estimate - de jure,2007,26441.0,247.0
Bulgaria,2006,Urban,Male,1 - 4,Estimate - de jure,2007,101441.0,52.0
Bulgaria,2006,Urban,Male,10 - 14,Estimate - de jure,2007,134690.0,33.0
Bulgaria,2006,Urban,Male,15 - 19,Estimate - de jure,2007,186592.0,125.0
Bulgaria,2006,Urban,Male,20 - 24,Estimate - de jure,2007,212254.0,235.0
Bulgaria,2006,Urban,Male,25 - 29,Estimate - de jure,2007,222903.0,291.0
Bulgaria,2006,Urban,Male,30 - 34,Estimate - de jure,2007,219899.0,318.0
Bulgaria,2006,Urban,Male,35 - 39,Estimate - de jure,2007,202163.0,430.0
Bulgaria,2006,Urban,Male,40 - 44,Estimate - de jure,2007,188082.0,721.0
Bulgaria,2006,Urban,Male,45 - 49,Estimate - de jure,2007,193837.0,1284.0
Bulgaria,2006,Urban,Male,5 - 9,Estimate - de jure,2007,115858.0,32.0
Bulgaria,2006,Urban,Male,50 - 54,Estimate - de jure,2007,191639.0,2159.0
Bulgaria,2006,Urban,Male,55 - 59,Estimate - de jure,2007,184822.0,3224.0
Bulgaria,2006,Urban,Male,60 - 64,Estimate - de jure,2007,134094.0,3448.0
Bulgaria,2006,Urban,Male,65 - 69,Estimate - de jure,2007,98918.0,3857.0
Bulgaria,2006,Urban,Male,70 - 74,Estimate - de jure,2007,86192.0,4992.0
Bulgaria,2006,Urban,Male,75 - 79,Estimate - de jure,2007,62950.0,5664.0
Bulgaria,2006,Urban,Male,80 +,Estimate - de jure,2007,50255.0,8406.0
